{
  "mean": [
    0.3169816609451904,
    0.43499761389461006,
    0.24802072513719123,
    1571.0076144975642,
    -1.7366288248646777,
    1569.2709859963932,
    1.4156244328154926,
    1.419675755204315,
    1.3917135449580982,
    1.5535807539481397,
    1.198612189967051,
    4.499466923082021,
    4.415117084651321,
    4.4108543719952955
  ],
  "scale": [
    0.16471406558116622,
    0.18083713888662697,
    0.047954327838018077,
    109.17588834804388,
    157.13778485200265,
    109.25974785851868,
    0.6177544080695336,
    0.6737575827824346,
    0.6831367431189284,
    0.6979729619272361,
    0.6862465578758331,
    1.4230415530345972,
    1.4159193941963806,
    1.3479399585973328
  ],
  "feature_columns": [
    "implied_away",
    "implied_home",
    "implied_draw",
    "away_elo",
    "elo_diff",
    "home_elo",
    "home_goals_conceded_last_5",
    "away_goals_scored_last_5",
    "away_pts_last_5",
    "home_pts_last_5_at_home",
    "away_pts_last_5_away",
    "away_sot_last_5",
    "home_sot_last_5",
    "away_sot_conceded_last_5"
  ]
}