{
  "mean": [
    0.4387641256398883,
    0.2664719806863413,
    0.2947638936940554,
    1529.6406765273314,
    1532.198395418929,
    -2.557718488855389,
    1.3412022644213282,
    1.3051849310998376,
    1.339883643448165,
    1.3936099340048618,
    1.341993441351809,
    1.3033777336775083,
    1.6016393520014318,
    1.1343406949612078,
    4.3458302486731935,
    4.46846994669443,
    4.472379323710035,
    4.346342463155165,
    1.100000023841858,
    1.100000023841858,
    10.503467297084319,
    10.496611505122143,
    1.9604728132387708,
    2.202159180457053,
    0.9666639841074921,
    1.0039879838054908,
    -0.03140223605574422,
    2.6247256453749794,
    -0.05248647289214123,
    -0.034698713823648024,
    0.0386157077877328,
    0.4920603046546873,
    0.0019733353100013285,
    -0.001400999609963811,
    0.0,
    0.0,
    0.0,
    0.4423252982314503,
    0.26616323484432236,
    0.29151146248159115,
    0.14400023193651532,
    0.49600809178078054,
    -0.2293256177081359,
    1.0102230662436256,
    -0.07324822717882734,
    0.0,
    -0.061645915461241776,
    0.06527764680244211,
    0.006855791962174941,
    -0.03732400024092519,
    -0.2416863672182821,
    0.0017220906450628201,
    0.001971105601289218,
    -0.0002490148609364661
  ],
  "scale": [
    0.1534083755000726,
    0.04454663662348015,
    0.13817008720392399,
    108.19079409626302,
    108.02288058649148,
    124.545717052189,
    0.6516034106896562,
    0.6168282573686904,
    0.5908761804772199,
    0.6538137170471008,
    0.6262230751855002,
    0.5821860827967296,
    0.6691996770229092,
    0.6448330120857885,
    1.2295891999458337,
    1.2433867857158278,
    1.1812498544042234,
    1.1694968171440205,
    1.0,
    1.0,
    42.278580354266595,
    41.61934859705757,
    3.3227274910466753,
    3.3786468589065377,
    0.44147104946670035,
    0.4259278678496574,
    0.48957756633306104,
    0.8991974793539277,
    0.9151017394881488,
    0.9128595752593474,
    0.9136426109970202,
    0.08053169596391757,
    0.01816272887249253,
    0.008583909035289466,
    1.0,
    1.0,
    1.0,
    0.012915861889844544,
    0.02449161773962311,
    0.02053347492739855,
    0.288558143883314,
    0.11664370801231645,
    0.15873036244688765,
    0.11898596813692167,
    1.278920570751825,
    1.0,
    1.5778284190048055,
    1.464743704430972,
    53.12715763275898,
    0.6140804923182901,
    4.7109361550747035,
    0.8372426386959992,
    0.8474833887033765,
    1.0689028408087058
  ],
  "feature_columns": [
    "implied_home",
    "implied_draw",
    "implied_away",
    "home_elo",
    "away_elo",
    "elo_diff",
    "home_pts_last_5",
    "home_goals_scored_last_5",
    "home_goals_conceded_last_5",
    "away_pts_last_5",
    "away_goals_scored_last_5",
    "away_goals_conceded_last_5",
    "home_pts_last_5_at_home",
    "away_pts_last_5_away",
    "home_sot_last_5",
    "away_sot_last_5",
    "home_sot_conceded_last_5",
    "away_sot_conceded_last_5",
    "home_xg_last_5",
    "away_xg_last_5",
    "home_days_rest",
    "away_days_rest",
    "home_unbeaten_streak",
    "away_unbeaten_streak",
    "home_momentum",
    "away_momentum",
    "h2h_dominance",
    "h2h_avg_goals",
    "form_pts_diff",
    "goal_diff_home",
    "goal_diff_away",
    "implied_over25",
    "odds_mov_home",
    "odds_mov_draw",
    "home_injured_count",
    "away_injured_count",
    "injury_diff",
    "league_home_rate",
    "league_draw_rate",
    "league_away_rate",
    "market_home_away_gap",
    "market_favorite_prob",
    "market_draw_gap",
    "market_entropy",
    "form_goal_diff",
    "xg_diff",
    "sot_diff",
    "sot_conceded_diff",
    "rest_diff",
    "momentum_diff",
    "unbeaten_diff",
    "home_attack_vs_away_defense",
    "away_attack_vs_home_defense",
    "attack_balance"
  ],
  "imputation_values": {
    "implied_home": 0.4300093294153358,
    "implied_draw": 0.27849610067753916,
    "implied_away": 0.2775242831607551,
    "home_elo": 1509.17216148351,
    "away_elo": 1511.912530491195,
    "elo_diff": -2.800240128548465,
    "home_pts_last_5": 1.4,
    "home_goals_scored_last_5": 1.2,
    "home_goals_conceded_last_5": 1.2,
    "away_pts_last_5": 1.4,
    "away_goals_scored_last_5": 1.2,
    "away_goals_conceded_last_5": 1.2,
    "home_pts_last_5_at_home": 1.6,
    "away_pts_last_5_away": 1.0,
    "home_sot_last_5": 4.2,
    "away_sot_last_5": 4.4,
    "home_sot_conceded_last_5": 4.4,
    "away_sot_conceded_last_5": 4.2,
    "home_xg_last_5": 1.1,
    "away_xg_last_5": 1.1,
    "home_days_rest": 7.0,
    "away_days_rest": 7.0,
    "home_unbeaten_streak": 1.0,
    "away_unbeaten_streak": 1.0,
    "home_momentum": 1.0,
    "away_momentum": 1.0,
    "h2h_dominance": 0.0,
    "h2h_avg_goals": 2.5,
    "form_pts_diff": 0.0,
    "goal_diff_home": 0.0,
    "goal_diff_away": 0.0,
    "implied_over25": 0.4789473684210527,
    "odds_mov_home": 0.0018594663750756135,
    "odds_mov_draw": -0.0014073295197854774,
    "home_injured_count": 0.0,
    "away_injured_count": 0.0,
    "injury_diff": 0.0,
    "league_home_rate": 0.44253747555941775,
    "league_draw_rate": 0.2598542563762835,
    "league_away_rate": 0.2996938428393242,
    "market_home_away_gap": 0.15225983858023942,
    "market_favorite_prob": 0.46476982889790763,
    "market_draw_gap": -0.18244701022477797,
    "market_entropy": 1.060009299257866,
    "form_goal_diff": -1.1102230246251565e-16,
    "xg_diff": 0.0,
    "sot_diff": 0.0,
    "sot_conceded_diff": 0.0,
    "rest_diff": 0.0,
    "momentum_diff": 0.0,
    "unbeaten_diff": 0.0,
    "home_attack_vs_away_defense": 0.0,
    "away_attack_vs_home_defense": 0.0,
    "attack_balance": 0.0
  }
}