{
  "mean": [
    1.3479678085683422,
    1.3106780385734005,
    1.341028416822241,
    1.3984318234432827,
    1.3443238718147306,
    1.3042916750772433,
    1545.1069085415927,
    1547.6798255781694,
    -2.572917537350123,
    1.5999507605690848,
    1.1490208402309905,
    11.076590909090909,
    10.37375,
    1.100000023841858,
    1.100000023841858,
    1.100000023841858,
    1.100000023841858
  ],
  "scale": [
    0.6690974136059351,
    0.6361850583482723,
    0.5850433522063743,
    0.6655925027447379,
    0.6413012567315334,
    0.581510039319786,
    99.64572749449684,
    99.63821243805793,
    140.5048472203212,
    0.6795089684405304,
    0.663836617243575,
    51.347309367552946,
    39.35380849111915,
    1.0,
    1.0,
    1.0,
    1.0
  ],
  "feature_columns": [
    "home_pts_last_5",
    "home_goals_scored_last_5",
    "home_goals_conceded_last_5",
    "away_pts_last_5",
    "away_goals_scored_last_5",
    "away_goals_conceded_last_5",
    "home_elo",
    "away_elo",
    "elo_diff",
    "home_pts_last_5_at_home",
    "away_pts_last_5_away",
    "home_days_rest",
    "away_days_rest",
    "home_xg_last_5",
    "home_xpts_last_5",
    "away_xg_last_5",
    "away_xpts_last_5"
  ]
}