{
  "mean": [
    0.43120184132221007,
    0.27040186898041974,
    0.29839628952400604,
    1462.316613799606,
    1464.9238107818596,
    -2.6071971512333074,
    1.3217857519209042,
    1.3391596028739838,
    1.3870334958592865,
    1.3757368422006535,
    1.3746190428929626,
    1.3539282862915916,
    1.5570991927716558,
    1.1221598752909676,
    4.4521489709232265,
    4.600364938162139,
    4.64123545494466,
    4.609394046596524,
    1.100000023841858,
    1.100000023841858,
    12.881467287161238,
    12.266903914590747,
    1.8045442102381604,
    2.074459348480701,
    0.9697437911997291,
    1.0120908104325854,
    -0.031631078278401635,
    2.643881968911171,
    -0.05493658231997079,
    -0.046888402801097795,
    0.01997901242692406,
    0.5074191394731374,
    0.002754841436913834,
    -0.0015021352929941553,
    0.0,
    0.0,
    0.0,
    0.4327377378940582,
    0.27500513195991516,
    0.2922571301460266,
    0.1328055517333677,
    0.46307829457245686,
    -0.19259619694371405,
    1.0467535154055219,
    -0.06768865735480925,
    0.0,
    -0.03313258480379557,
    0.03527237905881322,
    0.61456337257049,
    -0.0423470199528277,
    -0.2699151382425404,
    -0.015042430481827818,
    -0.012140706505819181,
    -0.0029017248346712233
  ],
  "scale": [
    0.1088871399316853,
    0.023042452802716776,
    0.09602090189948721,
    59.263361277342,
    59.65101276309925,
    82.66299536032245,
    0.6064753891428345,
    0.5745059354578756,
    0.5692970521310381,
    0.6119740798885877,
    0.5798982646303442,
    0.5696121303733034,
    0.6450224913538802,
    0.6047101916476266,
    0.7643062363687627,
    0.7592721704958656,
    0.7528211837857953,
    0.7778003747987745,
    1.0,
    1.0,
    80.31570214327927,
    43.20841453889549,
    2.6077882765046883,
    2.697229523094021,
    0.43973655803752754,
    0.4205337046936937,
    0.48254604506696425,
    0.9291136202673793,
    0.8574718121396608,
    0.8430682793909202,
    0.8486517021865616,
    0.054927339943198754,
    0.01804355234030934,
    0.007705004396543657,
    1.0,
    1.0,
    1.0,
    1.0,
    1.0,
    1.0,
    0.2040144383293766,
    0.08190212075639763,
    0.10302674782921924,
    0.061853759957361885,
    1.1941957718407477,
    1.0,
    1.0645465626431374,
    1.009426916061476,
    86.12416520816203,
    0.6124192446266521,
    3.730368402550847,
    0.8036830969206579,
    0.805824769563545,
    1.0762357588741807
  ],
  "feature_columns": [
    "implied_home",
    "implied_draw",
    "implied_away",
    "home_elo",
    "away_elo",
    "elo_diff",
    "home_pts_last_5",
    "home_goals_scored_last_5",
    "home_goals_conceded_last_5",
    "away_pts_last_5",
    "away_goals_scored_last_5",
    "away_goals_conceded_last_5",
    "home_pts_last_5_at_home",
    "away_pts_last_5_away",
    "home_sot_last_5",
    "away_sot_last_5",
    "home_sot_conceded_last_5",
    "away_sot_conceded_last_5",
    "home_xg_last_5",
    "away_xg_last_5",
    "home_days_rest",
    "away_days_rest",
    "home_unbeaten_streak",
    "away_unbeaten_streak",
    "home_momentum",
    "away_momentum",
    "h2h_dominance",
    "h2h_avg_goals",
    "form_pts_diff",
    "goal_diff_home",
    "goal_diff_away",
    "implied_over25",
    "odds_mov_home",
    "odds_mov_draw",
    "home_injured_count",
    "away_injured_count",
    "injury_diff",
    "league_home_rate",
    "league_draw_rate",
    "league_away_rate",
    "market_home_away_gap",
    "market_favorite_prob",
    "market_draw_gap",
    "market_entropy",
    "form_goal_diff",
    "xg_diff",
    "sot_diff",
    "sot_conceded_diff",
    "rest_diff",
    "momentum_diff",
    "unbeaten_diff",
    "home_attack_vs_away_defense",
    "away_attack_vs_home_defense",
    "attack_balance"
  ],
  "imputation_values": {
    "implied_home": 0.4233834935840154,
    "implied_draw": 0.2762451082456719,
    "implied_away": 0.29306904752307633,
    "home_elo": 1458.94133140035,
    "away_elo": 1462.53160803378,
    "elo_diff": -2.43564199754246,
    "home_pts_last_5": 1.4,
    "home_goals_scored_last_5": 1.2,
    "home_goals_conceded_last_5": 1.4,
    "away_pts_last_5": 1.4,
    "away_goals_scored_last_5": 1.4,
    "away_goals_conceded_last_5": 1.2,
    "home_pts_last_5_at_home": 1.6,
    "away_pts_last_5_away": 1.0,
    "home_sot_last_5": 4.4,
    "away_sot_last_5": 4.6,
    "home_sot_conceded_last_5": 4.6,
    "away_sot_conceded_last_5": 4.6,
    "home_xg_last_5": 1.1,
    "away_xg_last_5": 1.1,
    "home_days_rest": 7.0,
    "away_days_rest": 7.0,
    "home_unbeaten_streak": 1.0,
    "away_unbeaten_streak": 1.0,
    "home_momentum": 1.0,
    "away_momentum": 1.0,
    "h2h_dominance": 0.0,
    "h2h_avg_goals": 2.5,
    "form_pts_diff": 0.0,
    "goal_diff_home": 0.0,
    "goal_diff_away": 0.0,
    "implied_over25": 0.5052910052910053,
    "odds_mov_home": 0.0024476383724000295,
    "odds_mov_draw": -0.001278814320320787,
    "home_injured_count": 0.0,
    "away_injured_count": 0.0,
    "injury_diff": 0.0,
    "league_home_rate": 0.4327377284863422,
    "league_draw_rate": 0.275005134524543,
    "league_away_rate": 0.2922571369891148,
    "market_home_away_gap": 0.12945075422519436,
    "market_favorite_prob": 0.44577494167271825,
    "market_draw_gap": -0.16724566664337326,
    "market_entropy": 1.0712748764668985,
    "form_goal_diff": -2.220446049250313e-16,
    "xg_diff": 0.0,
    "sot_diff": 0.0,
    "sot_conceded_diff": 0.0,
    "rest_diff": 0.0,
    "momentum_diff": 0.0,
    "unbeaten_diff": 0.0,
    "home_attack_vs_away_defense": 0.0,
    "away_attack_vs_home_defense": 0.0,
    "attack_balance": 0.0
  }
}