{
  "mean": [
    0.45615673939965745,
    0.25064339121404594,
    0.29319986917709395,
    1596.0871430084344,
    1599.1126376212553,
    -3.025493952891683,
    1.3543149880437284,
    1.3280787176324709,
    1.3597501743137639,
    1.4188149506022334,
    1.3726103697272758,
    1.3114009955348152,
    1.6740548334539713,
    1.1208379463946005,
    4.2411010301063055,
    4.359713303879407,
    4.346300380896236,
    4.229047819889675,
    1.100000023841858,
    1.100000023841858,
    9.422507185496352,
    9.357506080035375,
    2.0506301127570197,
    2.3581693566217115,
    0.9601863836678103,
    1.0090685269716908,
    -0.028143128197744782,
    2.7320525361562287,
    -0.06449996410693422,
    -0.03167145792662557,
    0.061209373411656796,
    0.5049939555073375,
    0.001048417777638447,
    -0.0008371736347683625,
    0.0,
    0.0,
    0.0,
    0.46641233563423157,
    0.2506220042705536,
    0.28296566009521484,
    0.16295687048022534,
    0.534046223304347,
    -0.28340283162242635,
    0.9673264753019918,
    -0.09243864751075608,
    0.0,
    -0.118450144895958,
    0.11915395455980575,
    0.06500110546097723,
    -0.048882144039590264,
    -0.30753924386469156,
    0.01667771984419674,
    0.013302380071259853,
    0.003375341519038023
  ],
  "scale": [
    0.1891221064964882,
    0.05618303032859576,
    0.17015328011179184,
    113.92446818247633,
    113.59630573208233,
    149.36782768757527,
    0.6758007781861786,
    0.6936715947421898,
    0.6039284156225784,
    0.676362072233522,
    0.7080478015764804,
    0.5859524729070612,
    0.678599994404752,
    0.6798429173182443,
    1.4230046079340262,
    1.4530270024716616,
    1.2869363902816329,
    1.2338494066941734,
    1.0,
    1.0,
    13.57277115796889,
    13.402796628951165,
    3.7157279269360863,
    3.7852409438999657,
    0.44469231388785135,
    0.4210468767385858,
    0.5095983411679332,
    0.907454417735912,
    0.9475927594885507,
    1.0101702425470052,
    1.0168044250063748,
    0.10115241838805017,
    0.017363080154834887,
    0.00852856013570293,
    1.0,
    1.0,
    1.0,
    1.0,
    1.0,
    1.0,
    0.35536190922097743,
    0.13975128559269862,
    0.19417470911912724,
    0.16391380844344752,
    1.4037365439558351,
    1.0,
    1.9903234951012896,
    1.6952546789012997,
    3.0008801743310256,
    0.6139205997801426,
    5.232241010292057,
    0.9223008099209953,
    0.9340197463106238,
    1.1436741506803683
  ],
  "feature_columns": [
    "implied_home",
    "implied_draw",
    "implied_away",
    "home_elo",
    "away_elo",
    "elo_diff",
    "home_pts_last_5",
    "home_goals_scored_last_5",
    "home_goals_conceded_last_5",
    "away_pts_last_5",
    "away_goals_scored_last_5",
    "away_goals_conceded_last_5",
    "home_pts_last_5_at_home",
    "away_pts_last_5_away",
    "home_sot_last_5",
    "away_sot_last_5",
    "home_sot_conceded_last_5",
    "away_sot_conceded_last_5",
    "home_xg_last_5",
    "away_xg_last_5",
    "home_days_rest",
    "away_days_rest",
    "home_unbeaten_streak",
    "away_unbeaten_streak",
    "home_momentum",
    "away_momentum",
    "h2h_dominance",
    "h2h_avg_goals",
    "form_pts_diff",
    "goal_diff_home",
    "goal_diff_away",
    "implied_over25",
    "odds_mov_home",
    "odds_mov_draw",
    "home_injured_count",
    "away_injured_count",
    "injury_diff",
    "league_home_rate",
    "league_draw_rate",
    "league_away_rate",
    "market_home_away_gap",
    "market_favorite_prob",
    "market_draw_gap",
    "market_entropy",
    "form_goal_diff",
    "xg_diff",
    "sot_diff",
    "sot_conceded_diff",
    "rest_diff",
    "momentum_diff",
    "unbeaten_diff",
    "home_attack_vs_away_defense",
    "away_attack_vs_home_defense",
    "attack_balance"
  ],
  "imputation_values": {
    "implied_home": 0.4491857060912621,
    "implied_draw": 0.272085659562502,
    "implied_away": 0.26414881756795217,
    "home_elo": 1574.8903483597,
    "away_elo": 1577.22197473958,
    "elo_diff": -3.06903640193127,
    "home_pts_last_5": 1.4,
    "home_goals_scored_last_5": 1.2,
    "home_goals_conceded_last_5": 1.4,
    "away_pts_last_5": 1.4,
    "away_goals_scored_last_5": 1.2,
    "away_goals_conceded_last_5": 1.2,
    "home_pts_last_5_at_home": 1.6,
    "away_pts_last_5_away": 1.0,
    "home_sot_last_5": 4.0,
    "away_sot_last_5": 4.2,
    "home_sot_conceded_last_5": 4.2,
    "away_sot_conceded_last_5": 4.2,
    "home_xg_last_5": 1.1,
    "away_xg_last_5": 1.1,
    "home_days_rest": 7.0,
    "away_days_rest": 7.0,
    "home_unbeaten_streak": 1.0,
    "away_unbeaten_streak": 1.0,
    "home_momentum": 0.952380952380952,
    "away_momentum": 1.0,
    "h2h_dominance": 0.0,
    "h2h_avg_goals": 2.6,
    "form_pts_diff": 0.0,
    "goal_diff_home": -0.19999999999999996,
    "goal_diff_away": 0.0,
    "implied_over25": 0.48548812664907653,
    "odds_mov_home": 0.00047278415509133254,
    "odds_mov_draw": -0.0007003157432339813,
    "home_injured_count": 0.0,
    "away_injured_count": 0.0,
    "injury_diff": 0.0,
    "league_home_rate": 0.46641234035495105,
    "league_draw_rate": 0.25062199369713056,
    "league_away_rate": 0.2829656659479184,
    "market_home_away_gap": 0.18440507945860457,
    "market_favorite_prob": 0.49580995575556136,
    "market_draw_gap": -0.2218095686716195,
    "market_entropy": 1.0397055020681767,
    "form_goal_diff": -2.220446049250313e-16,
    "xg_diff": 0.0,
    "sot_diff": -0.13333333333333464,
    "sot_conceded_diff": 0.1999999999999993,
    "rest_diff": 0.0,
    "momentum_diff": 0.0,
    "unbeaten_diff": 0.0,
    "home_attack_vs_away_defense": 0.0,
    "away_attack_vs_home_defense": 0.0,
    "attack_balance": 0.0
  }
}