{
  "mean": [
    0.45620915363949405,
    0.2506448557711981,
    0.29314599038010514,
    1596.0605960485816,
    1599.064437066668,
    -3.0038403600547814,
    1.35418233272119,
    1.3280344991828392,
    1.3598828296363024,
    1.4187265137293263,
    1.3726545881505512,
    1.3114009955348152,
    1.6739663965810645,
    1.1204399804533411,
    4.241233685402488,
    4.35909424568999,
    4.3467867836840455,
    4.229136256788938,
    1.100000023841858,
    1.100000023841858,
    9.42317046208269,
    9.357506080035375,
    2.0506301127570197,
    2.358611541012602,
    0.9603890515246171,
    1.0091913559486612,
    -0.02799185458756036,
    2.7316426751678455,
    -0.06454418254668223,
    -0.03184833168891213,
    0.061253591851404804,
    0.5049541272369602,
    0.0010549031512092405,
    -0.0008415613864685499,
    0.0,
    0.0,
    0.0,
    0.46641233563423157,
    0.2506220042705536,
    0.28296566009521484,
    0.1630631635203453,
    0.5340712969410665,
    -0.28342644069540446,
    0.9673093610202056,
    -0.09265973971279064,
    0.0,
    -0.11705726404966123,
    0.1195519205274214,
    0.06566438204731373,
    -0.048802305199288236,
    -0.30798142825558256,
    0.016633501404448733,
    0.013213943188469308,
    0.0034195599587860293
  ],
  "scale": [
    0.1891145987703654,
    0.05618323595256594,
    0.17014720007394174,
    113.9126196496873,
    113.549859847135,
    149.35933316375196,
    0.6758114267611657,
    0.6936861321731669,
    0.603827406626372,
    0.6763383754178796,
    0.7080432655784156,
    0.5859524729070612,
    0.6786096395919846,
    0.6792693777400076,
    1.4230100924139595,
    1.4534356963144888,
    1.286616395944907,
    1.2338186508771825,
    1.0,
    1.0,
    13.572628323411692,
    13.402796628951165,
    3.7157279269360863,
    3.7851990772021593,
    0.444653442446021,
    0.42115764651607696,
    0.509505110930472,
    0.9070149224632554,
    0.9476037477598677,
    1.010129662189316,
    1.0168148084363924,
    0.10115205853235022,
    0.017373971619218755,
    0.008529384201694933,
    1.0,
    1.0,
    1.0,
    1.0,
    1.0,
    1.0,
    0.355348063092022,
    0.13974354643722878,
    0.19416850540096736,
    0.16390671841788987,
    1.4037377174783787,
    1.0,
    1.9907189333993427,
    1.6951562317179312,
    3.000976246144051,
    0.6138601186451265,
    5.232299512158144,
    0.9222968140805172,
    0.9339831272622271,
    1.1436624202142327
  ],
  "feature_columns": [
    "implied_home",
    "implied_draw",
    "implied_away",
    "home_elo",
    "away_elo",
    "elo_diff",
    "home_pts_last_5",
    "home_goals_scored_last_5",
    "home_goals_conceded_last_5",
    "away_pts_last_5",
    "away_goals_scored_last_5",
    "away_goals_conceded_last_5",
    "home_pts_last_5_at_home",
    "away_pts_last_5_away",
    "home_sot_last_5",
    "away_sot_last_5",
    "home_sot_conceded_last_5",
    "away_sot_conceded_last_5",
    "home_xg_last_5",
    "away_xg_last_5",
    "home_days_rest",
    "away_days_rest",
    "home_unbeaten_streak",
    "away_unbeaten_streak",
    "home_momentum",
    "away_momentum",
    "h2h_dominance",
    "h2h_avg_goals",
    "form_pts_diff",
    "goal_diff_home",
    "goal_diff_away",
    "implied_over25",
    "odds_mov_home",
    "odds_mov_draw",
    "home_injured_count",
    "away_injured_count",
    "injury_diff",
    "league_home_rate",
    "league_draw_rate",
    "league_away_rate",
    "market_home_away_gap",
    "market_favorite_prob",
    "market_draw_gap",
    "market_entropy",
    "form_goal_diff",
    "xg_diff",
    "sot_diff",
    "sot_conceded_diff",
    "rest_diff",
    "momentum_diff",
    "unbeaten_diff",
    "home_attack_vs_away_defense",
    "away_attack_vs_home_defense",
    "attack_balance"
  ],
  "imputation_values": {
    "implied_home": 0.4491867269147481,
    "implied_draw": 0.272085659562502,
    "implied_away": 0.26406959735160523,
    "home_elo": 1574.8903483597,
    "away_elo": 1577.22197473958,
    "elo_diff": -3.06903640193127,
    "home_pts_last_5": 1.4,
    "home_goals_scored_last_5": 1.2,
    "home_goals_conceded_last_5": 1.4,
    "away_pts_last_5": 1.4,
    "away_goals_scored_last_5": 1.2,
    "away_goals_conceded_last_5": 1.2,
    "home_pts_last_5_at_home": 1.6,
    "away_pts_last_5_away": 1.0,
    "home_sot_last_5": 4.0,
    "away_sot_last_5": 4.2,
    "home_sot_conceded_last_5": 4.2,
    "away_sot_conceded_last_5": 4.2,
    "home_xg_last_5": 1.1,
    "away_xg_last_5": 1.1,
    "home_days_rest": 7.0,
    "away_days_rest": 7.0,
    "home_unbeaten_streak": 1.0,
    "away_unbeaten_streak": 1.0,
    "home_momentum": 0.952380952380952,
    "away_momentum": 1.0,
    "h2h_dominance": 0.0,
    "h2h_avg_goals": 2.6,
    "form_pts_diff": 0.0,
    "goal_diff_home": -0.19999999999999996,
    "goal_diff_away": 0.0,
    "implied_over25": 0.48548812664907653,
    "odds_mov_home": 0.00047278415509133254,
    "odds_mov_draw": -0.0007036195866926831,
    "home_injured_count": 0.0,
    "away_injured_count": 0.0,
    "injury_diff": 0.0,
    "league_home_rate": 0.46641234035495105,
    "league_draw_rate": 0.25062199369713056,
    "league_away_rate": 0.2829656659479184,
    "market_home_away_gap": 0.1846728340289686,
    "market_favorite_prob": 0.49584657755051403,
    "market_draw_gap": -0.22209627014294409,
    "market_entropy": 1.0397030568545471,
    "form_goal_diff": -2.220446049250313e-16,
    "xg_diff": 0.0,
    "sot_diff": -0.03333333333333499,
    "sot_conceded_diff": 0.1999999999999993,
    "rest_diff": 0.0,
    "momentum_diff": 0.0,
    "unbeaten_diff": 0.0,
    "home_attack_vs_away_defense": 0.0,
    "away_attack_vs_home_defense": 0.0,
    "attack_balance": 0.0
  }
}