{
  "mean": [
    0.4435093631141431,
    0.25639372345298594,
    0.3000969132893692,
    1606.7739937687552,
    1608.9008105953797,
    -2.1268158249672147,
    1.3588373863078638,
    1.3565599786853686,
    1.3782192864264085,
    1.4094554872603606,
    1.3955666012815293,
    1.3432671159703211,
    1.607733630706406,
    1.1821044953025992,
    4.611788072938688,
    4.709941121508217,
    4.691813823811002,
    4.589606320200113,
    1.100000023841858,
    1.100000023841858,
    9.42494481236203,
    9.436203090507727,
    2.096909492273731,
    2.3322295805739515,
    0.966662967126101,
    0.9999261968413462,
    -0.02612767659012582,
    2.628452036567608,
    -0.050618102370245305,
    -0.02121780804516727,
    0.05229948507765797,
    0.5133782026059843,
    0.0009248703776149149,
    -0.001627687325548727,
    0.0,
    0.0,
    0.0,
    0.43342167139053345,
    0.259854257106781,
    0.30672407150268555,
    0.14341244942163117,
    0.5267758567470062,
    -0.26974544293220437,
    0.9819850342228976,
    -0.07351729268532978,
    0.0,
    -0.09523914627582822,
    0.10198675643068802,
    -0.011258278145695364,
    -0.03326323031721262,
    -0.23532008830022075,
    0.013734363151043982,
    0.017347314230127312,
    -0.003612950674482264
  ],
  "scale": [
    0.1821670951449094,
    0.048378909389220695,
    0.1636486935285091,
    116.16335947659196,
    115.54446857760136,
    148.4615464573032,
    0.6784207667145951,
    0.6234251251614068,
    0.600054337089123,
    0.682436365013611,
    0.6374706258628997,
    0.5914589462936292,
    0.6909512063174424,
    0.6735513373746993,
    1.4639707423192763,
    1.476975451809776,
    1.383879214416529,
    1.3813345258160605,
    1.0,
    1.0,
    14.480442631906627,
    14.502797649673097,
    3.819967775279051,
    3.7603424554382476,
    0.44274014752642027,
    0.4294602147634162,
    0.48559536112799295,
    0.8286865102088103,
    0.9358028011270115,
    0.9319270721486308,
    0.9376731131697565,
    0.07307658591567036,
    0.016762038951302315,
    0.008307367688382014,
    1.0,
    1.0,
    1.0,
    1.0,
    1.0,
    1.0,
    0.34291540040177815,
    0.12489583165362354,
    0.17127355930847815,
    0.12986432788697383,
    1.283807879058843,
    1.0,
    1.9453864576586233,
    1.8249682350391245,
    5.372491987957308,
    0.6161351072862206,
    5.319860510085848,
    0.8693920811488592,
    0.875189305055318,
    1.0937653423229532
  ],
  "feature_columns": [
    "implied_home",
    "implied_draw",
    "implied_away",
    "home_elo",
    "away_elo",
    "elo_diff",
    "home_pts_last_5",
    "home_goals_scored_last_5",
    "home_goals_conceded_last_5",
    "away_pts_last_5",
    "away_goals_scored_last_5",
    "away_goals_conceded_last_5",
    "home_pts_last_5_at_home",
    "away_pts_last_5_away",
    "home_sot_last_5",
    "away_sot_last_5",
    "home_sot_conceded_last_5",
    "away_sot_conceded_last_5",
    "home_xg_last_5",
    "away_xg_last_5",
    "home_days_rest",
    "away_days_rest",
    "home_unbeaten_streak",
    "away_unbeaten_streak",
    "home_momentum",
    "away_momentum",
    "h2h_dominance",
    "h2h_avg_goals",
    "form_pts_diff",
    "goal_diff_home",
    "goal_diff_away",
    "implied_over25",
    "odds_mov_home",
    "odds_mov_draw",
    "home_injured_count",
    "away_injured_count",
    "injury_diff",
    "league_home_rate",
    "league_draw_rate",
    "league_away_rate",
    "market_home_away_gap",
    "market_favorite_prob",
    "market_draw_gap",
    "market_entropy",
    "form_goal_diff",
    "xg_diff",
    "sot_diff",
    "sot_conceded_diff",
    "rest_diff",
    "momentum_diff",
    "unbeaten_diff",
    "home_attack_vs_away_defense",
    "away_attack_vs_home_defense",
    "attack_balance"
  ],
  "imputation_values": {
    "implied_home": 0.43458554764643326,
    "implied_draw": 0.27032740693164015,
    "implied_away": 0.2735888924040007,
    "home_elo": 1584.05617873606,
    "away_elo": 1586.509593532485,
    "elo_diff": -4.4888698042345805,
    "home_pts_last_5": 1.4,
    "home_goals_scored_last_5": 1.2,
    "home_goals_conceded_last_5": 1.4,
    "away_pts_last_5": 1.4,
    "away_goals_scored_last_5": 1.4,
    "away_goals_conceded_last_5": 1.4,
    "home_pts_last_5_at_home": 1.6,
    "away_pts_last_5_away": 1.2,
    "home_sot_last_5": 4.4,
    "away_sot_last_5": 4.6,
    "home_sot_conceded_last_5": 4.6,
    "away_sot_conceded_last_5": 4.6,
    "home_xg_last_5": 1.1,
    "away_xg_last_5": 1.1,
    "home_days_rest": 7.0,
    "away_days_rest": 7.0,
    "home_unbeaten_streak": 1.0,
    "away_unbeaten_streak": 1.0,
    "home_momentum": 1.0,
    "away_momentum": 1.0,
    "h2h_dominance": 0.0,
    "h2h_avg_goals": 2.53846153846154,
    "form_pts_diff": 0.0,
    "goal_diff_home": 0.0,
    "goal_diff_away": 0.0,
    "implied_over25": 0.5052770815928711,
    "odds_mov_home": 0.0003657568289497648,
    "odds_mov_draw": -0.0015389388803296877,
    "home_injured_count": 0.0,
    "away_injured_count": 0.0,
    "injury_diff": 0.0,
    "league_home_rate": 0.4334216628022524,
    "league_draw_rate": 0.2598542563762835,
    "league_away_rate": 0.3067240808214641,
    "market_home_away_gap": 0.16015493565848354,
    "market_favorite_prob": 0.5019803599080372,
    "market_draw_gap": -0.2285206357954181,
    "market_entropy": 1.035779908665163,
    "form_goal_diff": -1.1102230246251565e-16,
    "xg_diff": 0.0,
    "sot_diff": -0.19999999999999973,
    "sot_conceded_diff": 0.1999999999999993,
    "rest_diff": 0.0,
    "momentum_diff": 0.0,
    "unbeaten_diff": 0.0,
    "home_attack_vs_away_defense": 0.0,
    "away_attack_vs_home_defense": 0.0,
    "attack_balance": 0.0
  }
}