{
  "mean": [
    0.4434059912003852,
    0.24554543291995404,
    0.31104857628706656,
    1591.3810455380744,
    1593.7507768991775,
    -2.3697312752097486,
    1.367382978209234,
    1.4702117048752592,
    1.4923852614399638,
    1.4142668171268993,
    1.512688206889647,
    1.453996722367963,
    1.6201158899200998,
    1.1845697677815872,
    4.666798966080399,
    4.759334783504475,
    4.737489727713003,
    4.63304132471142,
    1.100000023841858,
    1.100000023841858,
    10.530249110320284,
    10.534081576786203,
    1.9652340542020257,
    2.226115521489187,
    0.9615650737192609,
    0.9998464038518563,
    -0.020632051552505387,
    2.8949434295227325,
    -0.04688384012917509,
    -0.02217355753554405,
    0.058691486577579104,
    0.5628914454604644,
    0.0013974072907968174,
    -0.0016814113112492452,
    0.0,
    0.0,
    0.0,
    0.44690901041030884,
    0.24460874497890472,
    0.30848222970962524,
    0.13235741445918972,
    0.52185055868873,
    -0.2763051250396266,
    0.9853719201294846,
    -0.08086504188182417,
    0.0,
    -0.09384980494176366,
    0.10192991892075232,
    -0.0038324664659184233,
    -0.038281330933129985,
    -0.2608814672871612,
    0.01621498276428298,
    0.020302946665272006,
    -0.0040879651981610135
  ],
  "scale": [
    0.17603837511368503,
    0.04614806423324495,
    0.16134950551307523,
    102.22968407062926,
    102.11669548405828,
    134.10927778904232,
    0.6698749206922209,
    0.6877908198688124,
    0.6294880161519173,
    0.672984491229182,
    0.7087565215682676,
    0.6190137693779142,
    0.6975935888240302,
    0.6592682387255779,
    1.388147580120081,
    1.4253559036486696,
    1.3016288867677854,
    1.2921869681773739,
    1.0,
    1.0,
    15.09950486652312,
    15.10069320769003,
    3.684690797089633,
    3.8698094641207326,
    0.4413992859600522,
    0.43299244591544245,
    0.4725857879349758,
    0.8303499721738128,
    0.943994771710328,
    1.0448473239062692,
    1.0586439110573944,
    0.07691970028099344,
    0.015526571392417421,
    0.007618984068101575,
    1.0,
    1.0,
    1.0,
    1.0,
    1.0,
    1.0,
    0.33453953490194266,
    0.1287398250660843,
    0.173293055608612,
    0.14064915476464473,
    1.4710625668485604,
    1.0,
    1.9780263730696326,
    1.8140157653538003,
    1.134524812218737,
    0.6269501269171198,
    5.300299821632676,
    0.9388070820303063,
    0.9457616354049532,
    1.136136866012387
  ],
  "feature_columns": [
    "implied_home",
    "implied_draw",
    "implied_away",
    "home_elo",
    "away_elo",
    "elo_diff",
    "home_pts_last_5",
    "home_goals_scored_last_5",
    "home_goals_conceded_last_5",
    "away_pts_last_5",
    "away_goals_scored_last_5",
    "away_goals_conceded_last_5",
    "home_pts_last_5_at_home",
    "away_pts_last_5_away",
    "home_sot_last_5",
    "away_sot_last_5",
    "home_sot_conceded_last_5",
    "away_sot_conceded_last_5",
    "home_xg_last_5",
    "away_xg_last_5",
    "home_days_rest",
    "away_days_rest",
    "home_unbeaten_streak",
    "away_unbeaten_streak",
    "home_momentum",
    "away_momentum",
    "h2h_dominance",
    "h2h_avg_goals",
    "form_pts_diff",
    "goal_diff_home",
    "goal_diff_away",
    "implied_over25",
    "odds_mov_home",
    "odds_mov_draw",
    "home_injured_count",
    "away_injured_count",
    "injury_diff",
    "league_home_rate",
    "league_draw_rate",
    "league_away_rate",
    "market_home_away_gap",
    "market_favorite_prob",
    "market_draw_gap",
    "market_entropy",
    "form_goal_diff",
    "xg_diff",
    "sot_diff",
    "sot_conceded_diff",
    "rest_diff",
    "momentum_diff",
    "unbeaten_diff",
    "home_attack_vs_away_defense",
    "away_attack_vs_home_defense",
    "attack_balance"
  ],
  "imputation_values": {
    "implied_home": 0.43129716159542963,
    "implied_draw": 0.2626058771366541,
    "implied_away": 0.2899820049872297,
    "home_elo": 1572.57052492402,
    "away_elo": 1575.17451060461,
    "elo_diff": -2.97905202390848,
    "home_pts_last_5": 1.4,
    "home_goals_scored_last_5": 1.4,
    "home_goals_conceded_last_5": 1.4,
    "away_pts_last_5": 1.4,
    "away_goals_scored_last_5": 1.4,
    "away_goals_conceded_last_5": 1.4,
    "home_pts_last_5_at_home": 1.6,
    "away_pts_last_5_away": 1.2,
    "home_sot_last_5": 4.6,
    "away_sot_last_5": 4.6,
    "home_sot_conceded_last_5": 4.8,
    "away_sot_conceded_last_5": 4.6,
    "home_xg_last_5": 1.1,
    "away_xg_last_5": 1.1,
    "home_days_rest": 7.0,
    "away_days_rest": 7.0,
    "home_unbeaten_streak": 1.0,
    "away_unbeaten_streak": 1.0,
    "home_momentum": 0.952380952380952,
    "away_momentum": 1.0,
    "h2h_dominance": 0.0,
    "h2h_avg_goals": 2.85714285714286,
    "form_pts_diff": 0.0,
    "goal_diff_home": 0.0,
    "goal_diff_away": 0.0,
    "implied_over25": 0.5572916666666667,
    "odds_mov_home": 0.0008113094755113348,
    "odds_mov_draw": -0.0015539332836490005,
    "home_injured_count": 0.0,
    "away_injured_count": 0.0,
    "injury_diff": 0.0,
    "league_home_rate": 0.44690901622509754,
    "league_draw_rate": 0.24460874922982132,
    "league_away_rate": 0.3084822345450811,
    "market_home_away_gap": 0.1407393426527061,
    "market_favorite_prob": 0.4880442621675692,
    "market_draw_gap": -0.22405777811964883,
    "market_entropy": 1.0471569476881377,
    "form_goal_diff": -2.220446049250313e-16,
    "xg_diff": 0.0,
    "sot_diff": -0.1999999999999993,
    "sot_conceded_diff": 0.0,
    "rest_diff": 0.0,
    "momentum_diff": 0.0,
    "unbeaten_diff": 0.0,
    "home_attack_vs_away_defense": 0.0,
    "away_attack_vs_home_defense": 0.0,
    "attack_balance": 0.0
  }
}