{
  "mean": [
    0.4432843551671965,
    0.24555835245922106,
    0.31115729278506743,
    1591.3555537614632,
    1593.7835096207311,
    -2.427955790083012,
    1.3672734791738772,
    1.4702664543766208,
    1.4926042595106772,
    1.4146500637669646,
    1.5130167039957172,
    1.4538324737986115,
    1.620061140418738,
    1.1850077639556473,
    4.666963214617118,
    4.759170534967756,
    4.738420469595118,
    4.632439080033275,
    1.100000023841858,
    1.100000023841858,
    10.530249110320284,
    10.534081576786203,
    1.9652340542020257,
    2.2258417738844787,
    0.9616106983091679,
    0.9999680694466971,
    -0.020833510834118975,
    2.8948640308493037,
    -0.04737658581275533,
    -0.022337806096737464,
    0.05918423228563428,
    0.5628758152722986,
    0.0014021210608203597,
    -0.0016916323014174875,
    0.0,
    0.0,
    0.0,
    0.44690901041030884,
    0.24460874497890472,
    0.30848222970962524,
    0.13212706194023766,
    0.5218128563278902,
    -0.27625450314767813,
    0.9854152134484276,
    -0.08152203614291445,
    0.0,
    -0.09352130781937683,
    0.1034629055462796,
    -0.0038324664659184233,
    -0.03835737193602423,
    -0.2606077196824528,
    0.016433980859471387,
    0.020412445708787055,
    -0.003978466154645967
  ],
  "scale": [
    0.17603252976087852,
    0.046138255637970436,
    0.16136740902092941,
    102.21067846436729,
    102.15021412528291,
    134.12159624565214,
    0.6698041916012694,
    0.6878091090456375,
    0.6293166545341983,
    0.6729193070633964,
    0.7086115047084958,
    0.6191607271365505,
    0.6975873170734975,
    0.6599423670705707,
    1.3882224900521283,
    1.4254549147893136,
    1.3016017463714435,
    1.292901129283295,
    1.0,
    1.0,
    15.09950486652312,
    15.10069320769003,
    3.684690797089633,
    3.869931556712542,
    0.4413774149466493,
    0.43293002575193357,
    0.47265260712562907,
    0.8303173622862643,
    0.9437091378859928,
    1.0447337801373175,
    1.0587561074680627,
    0.07690666385293365,
    0.015518035772746235,
    0.007621966515504145,
    1.0,
    1.0,
    1.0,
    1.0,
    1.0,
    1.0,
    0.33455200669994095,
    0.12871543423992995,
    0.17325849175675878,
    0.1406329865181102,
    1.4708476443153566,
    1.0,
    1.978274418622696,
    1.8152806641877812,
    1.1345248122187372,
    0.6269488483584936,
    5.300339112096499,
    0.9389898743721703,
    0.945782433927269,
    1.136195080271492
  ],
  "feature_columns": [
    "implied_home",
    "implied_draw",
    "implied_away",
    "home_elo",
    "away_elo",
    "elo_diff",
    "home_pts_last_5",
    "home_goals_scored_last_5",
    "home_goals_conceded_last_5",
    "away_pts_last_5",
    "away_goals_scored_last_5",
    "away_goals_conceded_last_5",
    "home_pts_last_5_at_home",
    "away_pts_last_5_away",
    "home_sot_last_5",
    "away_sot_last_5",
    "home_sot_conceded_last_5",
    "away_sot_conceded_last_5",
    "home_xg_last_5",
    "away_xg_last_5",
    "home_days_rest",
    "away_days_rest",
    "home_unbeaten_streak",
    "away_unbeaten_streak",
    "home_momentum",
    "away_momentum",
    "h2h_dominance",
    "h2h_avg_goals",
    "form_pts_diff",
    "goal_diff_home",
    "goal_diff_away",
    "implied_over25",
    "odds_mov_home",
    "odds_mov_draw",
    "home_injured_count",
    "away_injured_count",
    "injury_diff",
    "league_home_rate",
    "league_draw_rate",
    "league_away_rate",
    "market_home_away_gap",
    "market_favorite_prob",
    "market_draw_gap",
    "market_entropy",
    "form_goal_diff",
    "xg_diff",
    "sot_diff",
    "sot_conceded_diff",
    "rest_diff",
    "momentum_diff",
    "unbeaten_diff",
    "home_attack_vs_away_defense",
    "away_attack_vs_home_defense",
    "attack_balance"
  ],
  "imputation_values": {
    "implied_home": 0.4312678638813059,
    "implied_draw": 0.2626058771366541,
    "implied_away": 0.28999054816617337,
    "home_elo": 1572.57052492402,
    "away_elo": 1575.17451060461,
    "elo_diff": -3.04894069547368,
    "home_pts_last_5": 1.4,
    "home_goals_scored_last_5": 1.4,
    "home_goals_conceded_last_5": 1.4,
    "away_pts_last_5": 1.4,
    "away_goals_scored_last_5": 1.4,
    "away_goals_conceded_last_5": 1.4,
    "home_pts_last_5_at_home": 1.6,
    "away_pts_last_5_away": 1.2,
    "home_sot_last_5": 4.6,
    "away_sot_last_5": 4.6,
    "home_sot_conceded_last_5": 4.8,
    "away_sot_conceded_last_5": 4.6,
    "home_xg_last_5": 1.1,
    "away_xg_last_5": 1.1,
    "home_days_rest": 7.0,
    "away_days_rest": 7.0,
    "home_unbeaten_streak": 1.0,
    "away_unbeaten_streak": 1.0,
    "home_momentum": 0.952380952380952,
    "away_momentum": 1.0,
    "h2h_dominance": 0.0,
    "h2h_avg_goals": 2.85714285714286,
    "form_pts_diff": 0.0,
    "goal_diff_home": 0.0,
    "goal_diff_away": 0.0,
    "implied_over25": 0.5572916666666667,
    "odds_mov_home": 0.0008113094755113348,
    "odds_mov_draw": -0.0015546650441642385,
    "home_injured_count": 0.0,
    "away_injured_count": 0.0,
    "injury_diff": 0.0,
    "league_home_rate": 0.44690901622509754,
    "league_draw_rate": 0.24460874922982132,
    "league_away_rate": 0.3084822345450811,
    "market_home_away_gap": 0.14068251097066942,
    "market_favorite_prob": 0.4880442621675692,
    "market_draw_gap": -0.22405777811964883,
    "market_entropy": 1.0471569476881377,
    "form_goal_diff": -2.220446049250313e-16,
    "xg_diff": 0.0,
    "sot_diff": -0.1999999999999993,
    "sot_conceded_diff": 0.0,
    "rest_diff": 0.0,
    "momentum_diff": 0.0,
    "unbeaten_diff": 0.0,
    "home_attack_vs_away_defense": 0.0,
    "away_attack_vs_home_defense": 0.0,
    "attack_balance": 0.0
  }
}