{
  "mean": [
    0.4392023461254743,
    0.2611903888139969,
    0.299607264939218,
    1546.2859952799479,
    1549.0106096003606,
    -2.724613520100725,
    1.3469017141904587,
    1.3516538541783125,
    1.3820812030327625,
    1.4067094061428156,
    1.3900470157311513,
    1.338713683421031,
    1.636931624729664,
    1.1221153908662307,
    4.388401758334576,
    4.4334145789880015,
    4.426367570467485,
    4.2717562993673175,
    1.100000023841858,
    1.100000023841858,
    11.295897435897436,
    10.783589743589744,
    1.8976923076923078,
    2.164871794871795,
    0.9462866481145223,
    1.0044478304989828,
    -0.02589070490346505,
    2.657431240670192,
    -0.0607307702751878,
    -0.0291965820812262,
    0.050461538583040234,
    0.5126897335740236,
    0.002173933127450173,
    -0.0004600898317125822,
    0.0,
    0.0,
    0.0,
    0.45423075556755066,
    0.255961537361145,
    0.2898077070713043,
    0.13959508116252925,
    0.49280255779241905,
    -0.23159706023354562,
    1.0186454340509878,
    -0.08124786332440682,
    0.0,
    -0.1557820529013108,
    0.09955983059719586,
    0.5123076923076924,
    -0.058161183651536705,
    -0.2671794871794872,
    0.01222222231137447,
    0.007350427401371491,
    0.004871794851735618
  ],
  "scale": [
    0.14469519111293747,
    0.034202776866527826,
    0.12832296920915137,
    87.23129107491748,
    87.11942740003225,
    123.02624601102828,
    0.6631695731200469,
    0.6027981121860188,
    0.5942092886861126,
    0.668793395711661,
    0.6069130530588083,
    0.5829244300110569,
    0.6730709505813117,
    0.650154817997973,
    0.8069046513619047,
    0.7982554381813107,
    0.7928573916465245,
    0.7918029818171174,
    1.0,
    1.0,
    44.42220088972311,
    22.51836486835823,
    2.9431441076948266,
    2.9953377206062295,
    0.44982836887648137,
    0.432326523359031,
    0.4869741409823818,
    0.87911552441299,
    0.9370174719142198,
    0.9155671697329018,
    0.9021495849170251,
    0.06070188977060571,
    0.02312684628144116,
    0.009355845799292719,
    1.0,
    1.0,
    1.0,
    1.0,
    1.0,
    1.0,
    0.2713616327946615,
    0.10551313678417683,
    0.13802060221073692,
    0.0984270610443694,
    1.284612392405036,
    1.0,
    1.1373968026387662,
    1.1023019900125735,
    43.15660929039476,
    0.6258737992619142,
    4.167936185296918,
    0.8198526228422383,
    0.8363339825468578,
    1.0512180895356953
  ],
  "feature_columns": [
    "implied_home",
    "implied_draw",
    "implied_away",
    "home_elo",
    "away_elo",
    "elo_diff",
    "home_pts_last_5",
    "home_goals_scored_last_5",
    "home_goals_conceded_last_5",
    "away_pts_last_5",
    "away_goals_scored_last_5",
    "away_goals_conceded_last_5",
    "home_pts_last_5_at_home",
    "away_pts_last_5_away",
    "home_sot_last_5",
    "away_sot_last_5",
    "home_sot_conceded_last_5",
    "away_sot_conceded_last_5",
    "home_xg_last_5",
    "away_xg_last_5",
    "home_days_rest",
    "away_days_rest",
    "home_unbeaten_streak",
    "away_unbeaten_streak",
    "home_momentum",
    "away_momentum",
    "h2h_dominance",
    "h2h_avg_goals",
    "form_pts_diff",
    "goal_diff_home",
    "goal_diff_away",
    "implied_over25",
    "odds_mov_home",
    "odds_mov_draw",
    "home_injured_count",
    "away_injured_count",
    "injury_diff",
    "league_home_rate",
    "league_draw_rate",
    "league_away_rate",
    "market_home_away_gap",
    "market_favorite_prob",
    "market_draw_gap",
    "market_entropy",
    "form_goal_diff",
    "xg_diff",
    "sot_diff",
    "sot_conceded_diff",
    "rest_diff",
    "momentum_diff",
    "unbeaten_diff",
    "home_attack_vs_away_defense",
    "away_attack_vs_home_defense",
    "attack_balance"
  ],
  "imputation_values": {
    "implied_home": 0.42859672694904666,
    "implied_draw": 0.27238600529622137,
    "implied_away": 0.28845664762966605,
    "home_elo": 1528.8516350734499,
    "away_elo": 1531.805067082385,
    "elo_diff": -2.0989692146528096,
    "home_pts_last_5": 1.4,
    "home_goals_scored_last_5": 1.2,
    "home_goals_conceded_last_5": 1.4,
    "away_pts_last_5": 1.4,
    "away_goals_scored_last_5": 1.4,
    "away_goals_conceded_last_5": 1.2,
    "home_pts_last_5_at_home": 1.6,
    "away_pts_last_5_away": 1.0,
    "home_sot_last_5": 4.4,
    "away_sot_last_5": 4.4,
    "home_sot_conceded_last_5": 4.4,
    "away_sot_conceded_last_5": 4.2,
    "home_xg_last_5": 1.1,
    "away_xg_last_5": 1.1,
    "home_days_rest": 7.0,
    "away_days_rest": 7.0,
    "home_unbeaten_streak": 1.0,
    "away_unbeaten_streak": 1.0,
    "home_momentum": 0.952380952380952,
    "away_momentum": 1.0,
    "h2h_dominance": 0.0,
    "h2h_avg_goals": 2.54545454545455,
    "form_pts_diff": 0.0,
    "goal_diff_home": 0.0,
    "goal_diff_away": 0.0,
    "implied_over25": 0.5066312997347481,
    "odds_mov_home": 0.0018985310859473692,
    "odds_mov_draw": -0.0005779915175598838,
    "home_injured_count": 0.0,
    "away_injured_count": 0.0,
    "injury_diff": 0.0,
    "league_home_rate": 0.4542307692307692,
    "league_draw_rate": 0.25596153846153846,
    "league_away_rate": 0.2898076923076923,
    "market_home_away_gap": 0.1392710600078416,
    "market_favorite_prob": 0.46660340505878073,
    "market_draw_gap": -0.19241961664643123,
    "market_entropy": 1.0599807064007774,
    "form_goal_diff": -2.220446049250313e-16,
    "xg_diff": 0.0,
    "sot_diff": -0.19999999999999973,
    "sot_conceded_diff": 0.10000000000000009,
    "rest_diff": 0.0,
    "momentum_diff": -0.026455026455025954,
    "unbeaten_diff": 0.0,
    "home_attack_vs_away_defense": 0.0,
    "away_attack_vs_home_defense": 0.0,
    "attack_balance": 0.0
  }
}