{
  "mean": [
    0.4287338578104836,
    0.29767339789257546,
    0.2735927440508103,
    1466.2518008661586,
    1469.0610365844643,
    -2.8092354928793046,
    1.302844696381027,
    1.153735575957784,
    1.2084384879905385,
    1.3691404810033005,
    1.1934694595622972,
    1.1674696127874475,
    1.570406060507741,
    1.0820104071178631,
    3.8518467212822713,
    4.011936984852001,
    4.038720652033741,
    4.003708798873312,
    1.100000023841858,
    1.100000023841858,
    11.759119064005505,
    10.050929112181693,
    1.7880247763248451,
    2.0353292039458593,
    0.9699352268479127,
    1.0169187446038748,
    -0.04100895710639873,
    2.3445369985623765,
    -0.06556167412334747,
    -0.054702914333392735,
    0.02599984723976321,
    0.42158351471785643,
    0.00301518946555635,
    -0.0007960515738621563,
    0.0,
    0.0,
    0.0,
    0.42815351486206055,
    0.2997762858867645,
    0.2720701992511749,
    0.1551411140282912,
    0.4487305975036901,
    -0.15104515159489912,
    1.0543787063713275,
    -0.08061099694334577,
    0.0,
    -0.16263286794772333,
    0.0369159598822207,
    1.7081899518238128,
    -0.0469835180294407,
    -0.24730442762101398,
    -0.012724631402088595,
    -0.014234916158541815,
    0.0015102851341954337
  ],
  "scale": [
    0.09581145902298326,
    0.023721470892241706,
    0.08228776634400088,
    57.05056461853392,
    57.239307796497854,
    80.72135927133525,
    0.5899465602652582,
    0.5066187772794088,
    0.5302523360253171,
    0.5971408976042943,
    0.5157379332800982,
    0.5198245345495677,
    0.6086390700055678,
    0.5822050427632771,
    0.7618871588456072,
    0.7711599998188278,
    0.8184315538686483,
    0.7951166604957366,
    1.0,
    1.0,
    64.291881221947,
    25.23650322736907,
    2.3763833292012007,
    2.3951545155068046,
    0.42081680440103447,
    0.4063364554896416,
    0.4725882933616528,
    0.9041390796239611,
    0.8397765763700474,
    0.7365605329461777,
    0.7377622770292451,
    0.04791517322991874,
    0.018456619368356908,
    0.008799666505260014,
    1.0,
    1.0,
    1.0,
    1.0,
    1.0,
    1.0,
    0.17702970433809256,
    0.07603544238997799,
    0.09760096837826444,
    0.054666330054956754,
    1.0368143216137606,
    1.0,
    1.0162312804284137,
    1.0179825003598462,
    64.51153896549737,
    0.5888666841313777,
    3.4114299135836785,
    0.720052977320233,
    0.7315965949407914,
    1.007551254862662
  ],
  "feature_columns": [
    "implied_home",
    "implied_draw",
    "implied_away",
    "home_elo",
    "away_elo",
    "elo_diff",
    "home_pts_last_5",
    "home_goals_scored_last_5",
    "home_goals_conceded_last_5",
    "away_pts_last_5",
    "away_goals_scored_last_5",
    "away_goals_conceded_last_5",
    "home_pts_last_5_at_home",
    "away_pts_last_5_away",
    "home_sot_last_5",
    "away_sot_last_5",
    "home_sot_conceded_last_5",
    "away_sot_conceded_last_5",
    "home_xg_last_5",
    "away_xg_last_5",
    "home_days_rest",
    "away_days_rest",
    "home_unbeaten_streak",
    "away_unbeaten_streak",
    "home_momentum",
    "away_momentum",
    "h2h_dominance",
    "h2h_avg_goals",
    "form_pts_diff",
    "goal_diff_home",
    "goal_diff_away",
    "implied_over25",
    "odds_mov_home",
    "odds_mov_draw",
    "home_injured_count",
    "away_injured_count",
    "injury_diff",
    "league_home_rate",
    "league_draw_rate",
    "league_away_rate",
    "market_home_away_gap",
    "market_favorite_prob",
    "market_draw_gap",
    "market_entropy",
    "form_goal_diff",
    "xg_diff",
    "sot_diff",
    "sot_conceded_diff",
    "rest_diff",
    "momentum_diff",
    "unbeaten_diff",
    "home_attack_vs_away_defense",
    "away_attack_vs_home_defense",
    "attack_balance"
  ],
  "imputation_values": {
    "implied_home": 0.4266036472853757,
    "implied_draw": 0.3028951339555472,
    "implied_away": 0.2658979141936578,
    "home_elo": 1468.09483449567,
    "away_elo": 1471.59176429215,
    "elo_diff": -4.70469012432318,
    "home_pts_last_5": 1.2,
    "home_goals_scored_last_5": 1.2,
    "home_goals_conceded_last_5": 1.2,
    "away_pts_last_5": 1.4,
    "away_goals_scored_last_5": 1.2,
    "away_goals_conceded_last_5": 1.2,
    "home_pts_last_5_at_home": 1.6,
    "away_pts_last_5_away": 1.0,
    "home_sot_last_5": 3.8,
    "away_sot_last_5": 4.0,
    "home_sot_conceded_last_5": 4.0,
    "away_sot_conceded_last_5": 4.0,
    "home_xg_last_5": 1.1,
    "away_xg_last_5": 1.1,
    "home_days_rest": 7.0,
    "away_days_rest": 7.0,
    "home_unbeaten_streak": 1.0,
    "away_unbeaten_streak": 1.0,
    "home_momentum": 1.0,
    "away_momentum": 1.0,
    "h2h_dominance": 0.0,
    "h2h_avg_goals": 2.5,
    "form_pts_diff": 0.0,
    "goal_diff_home": 0.0,
    "goal_diff_away": 0.0,
    "implied_over25": 0.4145077720207254,
    "odds_mov_home": 0.0028826863758709687,
    "odds_mov_draw": -0.0005174440089535937,
    "home_injured_count": 0.0,
    "away_injured_count": 0.0,
    "injury_diff": 0.0,
    "league_home_rate": 0.4281535019790053,
    "league_draw_rate": 0.29977628635346754,
    "league_away_rate": 0.2720702116675271,
    "market_home_away_gap": 0.1607075851699229,
    "market_favorite_prob": 0.43579955744436183,
    "market_draw_gap": -0.13131372491405396,
    "market_entropy": 1.0740473460190278,
    "form_goal_diff": 0.0,
    "xg_diff": 0.0,
    "sot_diff": -0.1999999999999993,
    "sot_conceded_diff": 0.0,
    "rest_diff": 0.0,
    "momentum_diff": 0.0,
    "unbeaten_diff": 0.0,
    "home_attack_vs_away_defense": 0.0,
    "away_attack_vs_home_defense": 0.0,
    "attack_balance": 0.0
  }
}