{
  "mean": [
    0.42775275557782805,
    0.2756002897480018,
    0.2966469550069462,
    1458.56583392548,
    1460.6729869358196,
    -2.107152498236576,
    1.3377569575164525,
    1.2718939026220821,
    1.3121750387920579,
    1.3776904520259983,
    1.2994357194715465,
    1.2824314882350407,
    1.5501914595151287,
    1.1493828161501358,
    4.452866778354259,
    4.539165148730001,
    4.567543322069541,
    4.481028309486077,
    1.100000023841858,
    1.100000023841858,
    8.512091898428054,
    9.650997581620315,
    1.844770253929867,
    1.9842805320435308,
    0.9857998815879784,
    0.9957155926330995,
    -0.029872442004434143,
    2.6276062389896526,
    -0.04005441406602096,
    -0.040281136818635564,
    0.01700423208336732,
    0.4798627523558964,
    0.002867835490820358,
    -0.0023618713312198118,
    0.0,
    0.0,
    0.0,
    0.43134140968322754,
    0.2689647376537323,
    0.29969385266304016,
    0.1311058006918721,
    0.4613875627220398,
    -0.18578727294560274,
    1.0472241273057503,
    -0.0574667473360806,
    0.0,
    -0.0857240021157843,
    0.08744205964645856,
    -1.1389056831922613,
    -0.00991571093095802,
    -0.13951027811366384,
    -0.010477126115412782,
    -0.013162535340485795,
    0.002685409384422644
  ],
  "scale": [
    0.11064157763089656,
    0.022442637990806244,
    0.09784970479723634,
    68.88813142763571,
    68.93488664931984,
    95.15179235877268,
    0.6306605060264625,
    0.5529508627337246,
    0.5576665418130047,
    0.6344847105779042,
    0.563000128165958,
    0.5490364048209999,
    0.6458168044142939,
    0.6166083081970306,
    1.4051338177682662,
    1.4307017370468504,
    1.4420709526878022,
    1.4159317560907456,
    1.0,
    1.0,
    38.075366442400984,
    66.05800549285506,
    2.590956596289331,
    2.60732055797506,
    0.44193715751301016,
    0.42721968323542764,
    0.4758014936331234,
    0.9251245270217638,
    0.8936586726069734,
    0.8250318728808034,
    0.8227448412591429,
    0.04855375262509678,
    0.015131383252160785,
    0.008001890415627207,
    1.0,
    1.0,
    1.0,
    1.0,
    1.0,
    1.0,
    0.20767420376297416,
    0.08237682868711498,
    0.10310714481963124,
    0.06261045230729367,
    1.166763621213331,
    1.0,
    1.6921274343646069,
    1.7113534061424291,
    71.36467875562225,
    0.6173600318296042,
    3.627872918464812,
    0.7815659236758611,
    0.7911538899169894,
    1.0598453783209112
  ],
  "feature_columns": [
    "implied_home",
    "implied_draw",
    "implied_away",
    "home_elo",
    "away_elo",
    "elo_diff",
    "home_pts_last_5",
    "home_goals_scored_last_5",
    "home_goals_conceded_last_5",
    "away_pts_last_5",
    "away_goals_scored_last_5",
    "away_goals_conceded_last_5",
    "home_pts_last_5_at_home",
    "away_pts_last_5_away",
    "home_sot_last_5",
    "away_sot_last_5",
    "home_sot_conceded_last_5",
    "away_sot_conceded_last_5",
    "home_xg_last_5",
    "away_xg_last_5",
    "home_days_rest",
    "away_days_rest",
    "home_unbeaten_streak",
    "away_unbeaten_streak",
    "home_momentum",
    "away_momentum",
    "h2h_dominance",
    "h2h_avg_goals",
    "form_pts_diff",
    "goal_diff_home",
    "goal_diff_away",
    "implied_over25",
    "odds_mov_home",
    "odds_mov_draw",
    "home_injured_count",
    "away_injured_count",
    "injury_diff",
    "league_home_rate",
    "league_draw_rate",
    "league_away_rate",
    "market_home_away_gap",
    "market_favorite_prob",
    "market_draw_gap",
    "market_entropy",
    "form_goal_diff",
    "xg_diff",
    "sot_diff",
    "sot_conceded_diff",
    "rest_diff",
    "momentum_diff",
    "unbeaten_diff",
    "home_attack_vs_away_defense",
    "away_attack_vs_home_defense",
    "attack_balance"
  ],
  "imputation_values": {
    "implied_home": 0.42241256270166133,
    "implied_draw": 0.28141327936611216,
    "implied_away": 0.2909565156851504,
    "home_elo": 1460.44421797678,
    "away_elo": 1462.41152965198,
    "elo_diff": -1.1323546054817348,
    "home_pts_last_5": 1.4,
    "home_goals_scored_last_5": 1.2,
    "home_goals_conceded_last_5": 1.2,
    "away_pts_last_5": 1.4,
    "away_goals_scored_last_5": 1.2,
    "away_goals_conceded_last_5": 1.2,
    "home_pts_last_5_at_home": 1.6,
    "away_pts_last_5_away": 1.2,
    "home_sot_last_5": 4.2,
    "away_sot_last_5": 4.4,
    "home_sot_conceded_last_5": 4.4,
    "away_sot_conceded_last_5": 4.4,
    "home_xg_last_5": 1.1,
    "away_xg_last_5": 1.1,
    "home_days_rest": 5.0,
    "away_days_rest": 5.0,
    "home_unbeaten_streak": 1.0,
    "away_unbeaten_streak": 1.0,
    "home_momentum": 1.0,
    "away_momentum": 1.0,
    "h2h_dominance": 0.0,
    "h2h_avg_goals": 2.5,
    "form_pts_diff": 0.0,
    "goal_diff_home": 0.0,
    "goal_diff_away": 0.0,
    "implied_over25": 0.47493403693931396,
    "odds_mov_home": 0.0028302598355340325,
    "odds_mov_draw": -0.0022654245269739526,
    "home_injured_count": 0.0,
    "away_injured_count": 0.0,
    "injury_diff": 0.0,
    "league_home_rate": 0.43134142192992403,
    "league_draw_rate": 0.26896473523075176,
    "league_away_rate": 0.2996938428393242,
    "market_home_away_gap": 0.13132814962323752,
    "market_favorite_prob": 0.44302154576314007,
    "market_draw_gap": -0.15938574898664318,
    "market_entropy": 1.0724214711372166,
    "form_goal_diff": -1.1102230246251565e-16,
    "xg_diff": 0.0,
    "sot_diff": 0.0,
    "sot_conceded_diff": 0.16666666666666474,
    "rest_diff": 0.0,
    "momentum_diff": 0.0,
    "unbeaten_diff": 0.0,
    "home_attack_vs_away_defense": 0.0,
    "away_attack_vs_home_defense": 0.0,
    "attack_balance": 0.0
  }
}