{
  "mean": [
    0.42081765144213334,
    0.2528532869491579,
    0.32632906157328934,
    1524.5972192182548,
    1526.3819134034477,
    -1.7846929460845882,
    1.3700472339543275,
    1.3095389100418084,
    1.323719868323947,
    1.3869811135672705,
    1.3220171598713404,
    1.307357701256949,
    1.4932326661738151,
    1.2669711722634693,
    4.2890566640341135,
    4.312788954517186,
    4.33181704041853,
    4.286086242648757,
    1.100000023841858,
    1.100000023841858,
    12.651006711409396,
    9.56599552572707,
    2.29269202087994,
    2.472781506338553,
    0.9842664187497652,
    0.9794549553930804,
    -0.008902231965416807,
    2.6264099001128844,
    -0.01760502109035994,
    -0.014180960271182477,
    0.014659456397551908,
    0.49433513567973925,
    0.0019201854595459107,
    -0.0028544195601375084,
    0.0,
    0.0,
    0.0,
    0.4310489594936371,
    0.23999999463558197,
    0.32895106077194214,
    0.09448858993933561,
    0.5182383373479715,
    -0.2653850502842214,
    0.9829449684405664,
    -0.02988441566548447,
    0.0,
    -0.024328858232560396,
    0.04848993352373352,
    3.0850111856823266,
    0.004811463207714843,
    -0.18008948545861297,
    0.0018829227085548227,
    -0.0012552824724218368,
    0.0031382058268603265
  ],
  "scale": [
    0.1849739619833316,
    0.04865826942540018,
    0.173273472176016,
    114.979639683496,
    114.97323466236284,
    162.6968740659662,
    0.7127570260742009,
    0.6638913776542124,
    0.6186321675348978,
    0.7131124290831641,
    0.6813452498770016,
    0.6159705492773825,
    0.7177965377161318,
    0.7007173823753908,
    1.5421648751685175,
    1.573902100266154,
    1.3740903559500883,
    1.3921691243110264,
    1.0,
    1.0,
    62.91776809051737,
    12.9976883562805,
    4.690146936526379,
    4.9148799714961795,
    0.45437241112672777,
    0.4514741207975829,
    0.4632299104087554,
    0.6753834171070027,
    0.9973271218871813,
    1.040860983467647,
    1.052681248837539,
    0.06835638559685588,
    0.018148067314110776,
    0.009305571153981349,
    1.0,
    1.0,
    1.0,
    1.0,
    1.0,
    1.0,
    0.3551203990763063,
    0.1365359695486449,
    0.1838865711278408,
    0.14736448032825836,
    1.4810701099359977,
    1.0,
    2.2032056875567325,
    1.8898132613417893,
    57.422082270092595,
    0.6448384520468042,
    6.755670327428812,
    0.9014896667529421,
    0.9177110230210982,
    1.0595247029355197
  ],
  "feature_columns": [
    "implied_home",
    "implied_draw",
    "implied_away",
    "home_elo",
    "away_elo",
    "elo_diff",
    "home_pts_last_5",
    "home_goals_scored_last_5",
    "home_goals_conceded_last_5",
    "away_pts_last_5",
    "away_goals_scored_last_5",
    "away_goals_conceded_last_5",
    "home_pts_last_5_at_home",
    "away_pts_last_5_away",
    "home_sot_last_5",
    "away_sot_last_5",
    "home_sot_conceded_last_5",
    "away_sot_conceded_last_5",
    "home_xg_last_5",
    "away_xg_last_5",
    "home_days_rest",
    "away_days_rest",
    "home_unbeaten_streak",
    "away_unbeaten_streak",
    "home_momentum",
    "away_momentum",
    "h2h_dominance",
    "h2h_avg_goals",
    "form_pts_diff",
    "goal_diff_home",
    "goal_diff_away",
    "implied_over25",
    "odds_mov_home",
    "odds_mov_draw",
    "home_injured_count",
    "away_injured_count",
    "injury_diff",
    "league_home_rate",
    "league_draw_rate",
    "league_away_rate",
    "market_home_away_gap",
    "market_favorite_prob",
    "market_draw_gap",
    "market_entropy",
    "form_goal_diff",
    "xg_diff",
    "sot_diff",
    "sot_conceded_diff",
    "rest_diff",
    "momentum_diff",
    "unbeaten_diff",
    "home_attack_vs_away_defense",
    "away_attack_vs_home_defense",
    "attack_balance"
  ],
  "imputation_values": {
    "implied_home": 0.40474222102759144,
    "implied_draw": 0.2746921206343108,
    "implied_away": 0.30573396133218433,
    "home_elo": 1498.237860586715,
    "away_elo": 1499.418566963325,
    "elo_diff": -0.199313407411978,
    "home_pts_last_5": 1.4,
    "home_goals_scored_last_5": 1.2,
    "home_goals_conceded_last_5": 1.2,
    "away_pts_last_5": 1.4,
    "away_goals_scored_last_5": 1.2,
    "away_goals_conceded_last_5": 1.2,
    "home_pts_last_5_at_home": 1.4,
    "away_pts_last_5_away": 1.2,
    "home_sot_last_5": 4.0,
    "away_sot_last_5": 4.0,
    "home_sot_conceded_last_5": 4.2,
    "away_sot_conceded_last_5": 4.2,
    "home_xg_last_5": 1.1,
    "away_xg_last_5": 1.1,
    "home_days_rest": 7.0,
    "away_days_rest": 7.0,
    "home_unbeaten_streak": 1.0,
    "away_unbeaten_streak": 1.0,
    "home_momentum": 1.0,
    "away_momentum": 1.0,
    "h2h_dominance": 0.0,
    "h2h_avg_goals": 2.58333333333333,
    "form_pts_diff": 0.0,
    "goal_diff_home": 0.0,
    "goal_diff_away": 0.0,
    "implied_over25": 0.48010610079575594,
    "odds_mov_home": 0.0016834267252512913,
    "odds_mov_draw": -0.0028872934036776737,
    "home_injured_count": 0.0,
    "away_injured_count": 0.0,
    "injury_diff": 0.0,
    "league_home_rate": 0.431048951048951,
    "league_draw_rate": 0.24,
    "league_away_rate": 0.32895104895104893,
    "market_home_away_gap": 0.09928330284462797,
    "market_favorite_prob": 0.4779428066468596,
    "market_draw_gap": -0.2029831535928705,
    "market_entropy": 1.0532640208769444,
    "form_goal_diff": 0.0,
    "xg_diff": 0.0,
    "sot_diff": 0.0,
    "sot_conceded_diff": 0.0,
    "rest_diff": 0.0,
    "momentum_diff": 0.0,
    "unbeaten_diff": 0.0,
    "home_attack_vs_away_defense": 0.0,
    "away_attack_vs_home_defense": 0.0,
    "attack_balance": 0.0
  }
}