{
  "mean": [
    0.4299220991661092,
    0.2991207795020587,
    0.27095712140024064,
    1474.9795201832662,
    1477.805099493396,
    -2.8255788631714926,
    1.3038789145603866,
    1.1948935558220108,
    1.2391350717333975,
    1.3580805109408562,
    1.2311277533451954,
    1.2082634825846867,
    1.583819033318532,
    1.0588689365548765,
    4.1961608856143116,
    4.22707572259351,
    4.256313912145154,
    4.227574725469905,
    1.100000023841858,
    1.100000023841858,
    9.513173652694611,
    11.525748502994013,
    1.9475049900199601,
    2.2043912175648703,
    0.9681041409036595,
    1.0141739364274724,
    -0.05272666315981252,
    2.415446918735842,
    -0.053562874614657044,
    -0.04424151757996001,
    0.022864272146524783,
    0.4432949573336961,
    0.0036046738034518334,
    -0.002824418039755876,
    0.0,
    0.0,
    0.0,
    0.421683132648468,
    0.3207547068595886,
    0.25756213068962097,
    0.1589649777048318,
    0.4503031496159331,
    -0.14958433431151236,
    1.0525970092076742,
    -0.06754491045669524,
    0.0,
    -0.15813706108924752,
    0.023433133632599,
    -2.0125748502994014,
    -0.046069796469449226,
    -0.2568862275449102,
    -0.012292082479851927,
    -0.008007318687861312,
    -0.004284763547355783
  ],
  "scale": [
    0.09702019719616785,
    0.031224171646857136,
    0.08265383223231144,
    58.53257483865814,
    58.55519973361829,
    82.56208113076846,
    0.5994141491223839,
    0.5163083678319837,
    0.5242672129682407,
    0.6005274724514108,
    0.5177733280373699,
    0.5178187925146103,
    0.6227781349934258,
    0.5849147494213601,
    0.6891972970035406,
    0.6923420291154777,
    0.7144550037153583,
    0.7102260946238235,
    1.0,
    1.0,
    32.916684369602116,
    71.10805527251708,
    2.8046580093437945,
    2.807414740218396,
    0.42436997476878197,
    0.4041839492319912,
    0.4932552051617031,
    0.9308889392106936,
    0.8447719366423444,
    0.7466423376710956,
    0.7332282503857287,
    0.04401569143848375,
    0.01787288303880505,
    0.008541473155532593,
    1.0,
    1.0,
    1.0,
    1.0,
    1.0,
    1.0,
    0.17752239405358516,
    0.07782588654585101,
    0.10417797842940661,
    0.056676684772454564,
    1.0405783498381724,
    1.0,
    0.9544852100521161,
    0.943287683043566,
    72.81434051879144,
    0.5819587515947702,
    3.9404344225165877,
    0.7318218435596805,
    0.7328299548742913,
    1.0221724423836025
  ],
  "feature_columns": [
    "implied_home",
    "implied_draw",
    "implied_away",
    "home_elo",
    "away_elo",
    "elo_diff",
    "home_pts_last_5",
    "home_goals_scored_last_5",
    "home_goals_conceded_last_5",
    "away_pts_last_5",
    "away_goals_scored_last_5",
    "away_goals_conceded_last_5",
    "home_pts_last_5_at_home",
    "away_pts_last_5_away",
    "home_sot_last_5",
    "away_sot_last_5",
    "home_sot_conceded_last_5",
    "away_sot_conceded_last_5",
    "home_xg_last_5",
    "away_xg_last_5",
    "home_days_rest",
    "away_days_rest",
    "home_unbeaten_streak",
    "away_unbeaten_streak",
    "home_momentum",
    "away_momentum",
    "h2h_dominance",
    "h2h_avg_goals",
    "form_pts_diff",
    "goal_diff_home",
    "goal_diff_away",
    "implied_over25",
    "odds_mov_home",
    "odds_mov_draw",
    "home_injured_count",
    "away_injured_count",
    "injury_diff",
    "league_home_rate",
    "league_draw_rate",
    "league_away_rate",
    "market_home_away_gap",
    "market_favorite_prob",
    "market_draw_gap",
    "market_entropy",
    "form_goal_diff",
    "xg_diff",
    "sot_diff",
    "sot_conceded_diff",
    "rest_diff",
    "momentum_diff",
    "unbeaten_diff",
    "home_attack_vs_away_defense",
    "away_attack_vs_home_defense",
    "attack_balance"
  ],
  "imputation_values": {
    "implied_home": 0.4259670056311208,
    "implied_draw": 0.30359410917813523,
    "implied_away": 0.26524175105927367,
    "home_elo": 1475.12193806245,
    "away_elo": 1478.491350024525,
    "elo_diff": -2.94207504240103,
    "home_pts_last_5": 1.2,
    "home_goals_scored_last_5": 1.2,
    "home_goals_conceded_last_5": 1.2,
    "away_pts_last_5": 1.4,
    "away_goals_scored_last_5": 1.2,
    "away_goals_conceded_last_5": 1.2,
    "home_pts_last_5_at_home": 1.6,
    "away_pts_last_5_away": 1.0,
    "home_sot_last_5": 4.2,
    "away_sot_last_5": 4.2,
    "home_sot_conceded_last_5": 4.2,
    "away_sot_conceded_last_5": 4.2,
    "home_xg_last_5": 1.1,
    "away_xg_last_5": 1.1,
    "home_days_rest": 7.0,
    "away_days_rest": 7.0,
    "home_unbeaten_streak": 1.0,
    "away_unbeaten_streak": 1.0,
    "home_momentum": 1.0,
    "away_momentum": 1.0,
    "h2h_dominance": 0.0,
    "h2h_avg_goals": 2.5,
    "form_pts_diff": 0.0,
    "goal_diff_home": 0.0,
    "goal_diff_away": 0.0,
    "implied_over25": 0.4360313315926892,
    "odds_mov_home": 0.0035817298769004746,
    "odds_mov_draw": -0.0027244761370183446,
    "home_injured_count": 0.0,
    "away_injured_count": 0.0,
    "injury_diff": 0.0,
    "league_home_rate": 0.42168313866427076,
    "league_draw_rate": 0.32075471698113206,
    "league_away_rate": 0.2575621443545972,
    "market_home_away_gap": 0.16104517154244413,
    "market_favorite_prob": 0.43520425227612625,
    "market_draw_gap": -0.12922181239144628,
    "market_entropy": 1.0741223381924419,
    "form_goal_diff": -1.1102230246251565e-16,
    "xg_diff": 0.0,
    "sot_diff": -0.19999999999999973,
    "sot_conceded_diff": 0.0,
    "rest_diff": 0.0,
    "momentum_diff": 0.0,
    "unbeaten_diff": 0.0,
    "home_attack_vs_away_defense": 0.0,
    "away_attack_vs_home_defense": 0.0,
    "attack_balance": 0.0
  }
}