{
  "mean": [
    0.43894924199052576,
    0.2910078164070233,
    0.27004294170873305,
    1475.398457663895,
    1478.805639351192,
    -3.407181307928159,
    1.31039130793048,
    1.154963968454026,
    1.212444736153651,
    1.3815343202097339,
    1.2054122084030428,
    1.1679175085432634,
    1.6391120034386932,
    1.0369586356657106,
    3.6479010860984507,
    3.804900326469736,
    3.821252012846363,
    3.662926221844848,
    1.100000023841858,
    1.100000023841858,
    9.334363074686534,
    10.084499363983282,
    1.7250590586952572,
    2.0228966018535344,
    0.9604873733072742,
    1.015298060673422,
    -0.052913403934280415,
    2.4083508557619537,
    -0.07067054399908099,
    -0.057480768590499415,
    0.03749470033906448,
    0.4279669654297868,
    0.003564928741461238,
    -0.00044552436329365567,
    0.0,
    0.0,
    0.0,
    0.454880028963089,
    0.2929389178752899,
    0.2521810233592987,
    0.16890630020992164,
    0.45571153133690584,
    -0.16436111852063795,
    1.0501223620059121,
    -0.09384881038040697,
    0.0,
    -0.038860621286531415,
    0.15832273510384404,
    -0.7501362892967472,
    -0.054810688752723664,
    -0.2978375431582773,
    -0.013426010167405928,
    -0.0071779034643222606,
    -0.0062481072568338885
  ],
  "scale": [
    0.09617618696606023,
    0.026741016465072605,
    0.08132168036500804,
    55.809246340409324,
    55.88566090833763,
    78.09222312291412,
    0.593823485957022,
    0.5115132519853703,
    0.5317277562456926,
    0.5993931962429788,
    0.5265613689112764,
    0.5179596945982272,
    0.6241640403925505,
    0.5590238364232162,
    0.6782068669759902,
    0.7067002013955714,
    0.7106529620052823,
    0.7191346011650472,
    1.0,
    1.0,
    34.721777202384885,
    55.86450357706584,
    2.376860647469624,
    2.3867065906092697,
    0.43146084665669293,
    0.4091410680998824,
    0.49322189343754896,
    0.9378351831960589,
    0.8364676248792873,
    0.7271468794286483,
    0.7281483016461239,
    0.05434366537294285,
    0.02046444534034732,
    0.00897341025686442,
    1.0,
    1.0,
    1.0,
    1.0,
    1.0,
    1.0,
    0.17609959469272338,
    0.07923030934069274,
    0.10271308943989053,
    0.05905431279261212,
    1.0277200087512752,
    1.0,
    0.9227694265856953,
    0.9204872726213474,
    62.07555998642431,
    0.598693537987403,
    3.3858650571888127,
    0.717176396323568,
    0.7315363641426614,
    1.0213582652853896
  ],
  "feature_columns": [
    "implied_home",
    "implied_draw",
    "implied_away",
    "home_elo",
    "away_elo",
    "elo_diff",
    "home_pts_last_5",
    "home_goals_scored_last_5",
    "home_goals_conceded_last_5",
    "away_pts_last_5",
    "away_goals_scored_last_5",
    "away_goals_conceded_last_5",
    "home_pts_last_5_at_home",
    "away_pts_last_5_away",
    "home_sot_last_5",
    "away_sot_last_5",
    "home_sot_conceded_last_5",
    "away_sot_conceded_last_5",
    "home_xg_last_5",
    "away_xg_last_5",
    "home_days_rest",
    "away_days_rest",
    "home_unbeaten_streak",
    "away_unbeaten_streak",
    "home_momentum",
    "away_momentum",
    "h2h_dominance",
    "h2h_avg_goals",
    "form_pts_diff",
    "goal_diff_home",
    "goal_diff_away",
    "implied_over25",
    "odds_mov_home",
    "odds_mov_draw",
    "home_injured_count",
    "away_injured_count",
    "injury_diff",
    "league_home_rate",
    "league_draw_rate",
    "league_away_rate",
    "market_home_away_gap",
    "market_favorite_prob",
    "market_draw_gap",
    "market_entropy",
    "form_goal_diff",
    "xg_diff",
    "sot_diff",
    "sot_conceded_diff",
    "rest_diff",
    "momentum_diff",
    "unbeaten_diff",
    "home_attack_vs_away_defense",
    "away_attack_vs_home_defense",
    "attack_balance"
  ],
  "imputation_values": {
    "implied_home": 0.4355765819041988,
    "implied_draw": 0.29405805387155326,
    "implied_away": 0.2651413550938018,
    "home_elo": 1475.2693821089,
    "away_elo": 1479.39873953142,
    "elo_diff": -2.97129145310191,
    "home_pts_last_5": 1.4,
    "home_goals_scored_last_5": 1.2,
    "home_goals_conceded_last_5": 1.2,
    "away_pts_last_5": 1.4,
    "away_goals_scored_last_5": 1.2,
    "away_goals_conceded_last_5": 1.2,
    "home_pts_last_5_at_home": 1.6,
    "away_pts_last_5_away": 1.0,
    "home_sot_last_5": 3.6,
    "away_sot_last_5": 3.8,
    "home_sot_conceded_last_5": 3.8,
    "away_sot_conceded_last_5": 3.6,
    "home_xg_last_5": 1.1,
    "away_xg_last_5": 1.1,
    "home_days_rest": 7.0,
    "away_days_rest": 7.0,
    "home_unbeaten_streak": 1.0,
    "away_unbeaten_streak": 1.0,
    "home_momentum": 0.952380952380952,
    "away_momentum": 1.0,
    "h2h_dominance": 0.0,
    "h2h_avg_goals": 2.5,
    "form_pts_diff": 0.0,
    "goal_diff_home": 0.0,
    "goal_diff_away": 0.0,
    "implied_over25": 0.421875,
    "odds_mov_home": 0.0034923972212736465,
    "odds_mov_draw": -0.0004724801480452956,
    "home_injured_count": 0.0,
    "away_injured_count": 0.0,
    "injury_diff": 0.0,
    "league_home_rate": 0.45488004362050166,
    "league_draw_rate": 0.2929389312977099,
    "league_away_rate": 0.25218102508178847,
    "market_home_away_gap": 0.16959181294743492,
    "market_favorite_prob": 0.44134844775700494,
    "market_draw_gap": -0.14459058360115246,
    "market_entropy": 1.071968902005207,
    "form_goal_diff": -1.1102230246251565e-16,
    "xg_diff": 0.0,
    "sot_diff": 0.0,
    "sot_conceded_diff": 0.1999999999999993,
    "rest_diff": 0.0,
    "momentum_diff": -0.04273504273503992,
    "unbeaten_diff": 0.0,
    "home_attack_vs_away_defense": 0.0,
    "away_attack_vs_home_defense": 0.0,
    "attack_balance": 0.0
  }
}