{
  "mean": [
    0.4421875604504426,
    0.2708923950910998,
    0.28692004414028643,
    1587.0660982191882,
    1589.5340824176023,
    -2.4679835894296813,
    1.3473780218538696,
    1.2709293392700791,
    1.2888449387915721,
    1.4030098567972744,
    1.3065200611300487,
    1.2500659461968273,
    1.631366847402444,
    1.1410363891186037,
    4.124470553454727,
    4.207412139881703,
    4.194973226061859,
    4.0953766077319935,
    1.100000023841858,
    1.100000023841858,
    9.77635559692809,
    9.758901559227368,
    1.9899930183849197,
    2.223877123574587,
    0.9613125211372191,
    1.0055809642357523,
    -0.03217777635140116,
    2.481208480469759,
    -0.055631836958200065,
    -0.01791560097103594,
    0.05645411495749607,
    0.4638393559385406,
    0.0012383181599503322,
    -0.000628730441136477,
    0.0,
    0.0,
    0.0,
    0.4418645203113556,
    0.2653631269931793,
    0.2927723526954651,
    0.15526751634986663,
    0.4971612978181313,
    -0.22623237419902953,
    1.0088576729113983,
    -0.07436971529739136,
    0.0,
    -0.08233651391466551,
    0.09773485478441162,
    0.017454037700721434,
    -0.04426844259158335,
    -0.2338841051896672,
    0.02086339327785229,
    0.017675121669190025,
    0.0031882708838908715
  ],
  "scale": [
    0.1539749545699732,
    0.04418543253742741,
    0.13750728106078294,
    96.00896748139809,
    95.63789192776306,
    121.51007559899524,
    0.651025773744076,
    0.6100022519768985,
    0.555574787592145,
    0.6496065804449711,
    0.6167051537062472,
    0.5533910196431682,
    0.6552084827605548,
    0.6418645880978454,
    1.2176319936659907,
    1.2212318077132125,
    1.1434004756240572,
    1.1441735352658995,
    1.0,
    1.0,
    13.917122937282777,
    14.008277598912425,
    3.0562399572410928,
    3.122159130668543,
    0.44095429324238794,
    0.42379019341459356,
    0.45786482055393446,
    0.803559720842488,
    0.9156893737519344,
    0.9002224240550041,
    0.9063597395881801,
    0.07804580410638706,
    0.015801943709825923,
    0.007792989588918721,
    1.0,
    1.0,
    1.0,
    1.0,
    1.0,
    1.0,
    0.28858400105006304,
    0.11674082837130056,
    0.15904171577994322,
    0.11880829171233193,
    1.270058626193319,
    1.0,
    1.7241150147034139,
    1.6131166952913099,
    6.632472267183095,
    0.600223923979442,
    4.359831735407024,
    0.8277589430373509,
    0.8304756853897406,
    1.0483423112339876
  ],
  "feature_columns": [
    "implied_home",
    "implied_draw",
    "implied_away",
    "home_elo",
    "away_elo",
    "elo_diff",
    "home_pts_last_5",
    "home_goals_scored_last_5",
    "home_goals_conceded_last_5",
    "away_pts_last_5",
    "away_goals_scored_last_5",
    "away_goals_conceded_last_5",
    "home_pts_last_5_at_home",
    "away_pts_last_5_away",
    "home_sot_last_5",
    "away_sot_last_5",
    "home_sot_conceded_last_5",
    "away_sot_conceded_last_5",
    "home_xg_last_5",
    "away_xg_last_5",
    "home_days_rest",
    "away_days_rest",
    "home_unbeaten_streak",
    "away_unbeaten_streak",
    "home_momentum",
    "away_momentum",
    "h2h_dominance",
    "h2h_avg_goals",
    "form_pts_diff",
    "goal_diff_home",
    "goal_diff_away",
    "implied_over25",
    "odds_mov_home",
    "odds_mov_draw",
    "home_injured_count",
    "away_injured_count",
    "injury_diff",
    "league_home_rate",
    "league_draw_rate",
    "league_away_rate",
    "market_home_away_gap",
    "market_favorite_prob",
    "market_draw_gap",
    "market_entropy",
    "form_goal_diff",
    "xg_diff",
    "sot_diff",
    "sot_conceded_diff",
    "rest_diff",
    "momentum_diff",
    "unbeaten_diff",
    "home_attack_vs_away_defense",
    "away_attack_vs_home_defense",
    "attack_balance"
  ],
  "imputation_values": {
    "implied_home": 0.43472438802088964,
    "implied_draw": 0.2864696646058496,
    "implied_away": 0.26784008627330147,
    "home_elo": 1572.12787931331,
    "away_elo": 1574.29771788868,
    "elo_diff": -1.57453277079526,
    "home_pts_last_5": 1.4,
    "home_goals_scored_last_5": 1.2,
    "home_goals_conceded_last_5": 1.2,
    "away_pts_last_5": 1.4,
    "away_goals_scored_last_5": 1.2,
    "away_goals_conceded_last_5": 1.2,
    "home_pts_last_5_at_home": 1.6,
    "away_pts_last_5_away": 1.0,
    "home_sot_last_5": 4.0,
    "away_sot_last_5": 4.2,
    "home_sot_conceded_last_5": 4.2,
    "away_sot_conceded_last_5": 4.0,
    "home_xg_last_5": 1.1,
    "away_xg_last_5": 1.1,
    "home_days_rest": 7.0,
    "away_days_rest": 7.0,
    "home_unbeaten_streak": 1.0,
    "away_unbeaten_streak": 1.0,
    "home_momentum": 0.952380952380952,
    "away_momentum": 1.0,
    "h2h_dominance": 0.0,
    "h2h_avg_goals": 2.5,
    "form_pts_diff": 0.0,
    "goal_diff_home": 0.0,
    "goal_diff_away": 0.0,
    "implied_over25": 0.4447368421052632,
    "odds_mov_home": 0.0006698966882668911,
    "odds_mov_draw": -0.0007425411782223668,
    "home_injured_count": 0.0,
    "away_injured_count": 0.0,
    "injury_diff": 0.0,
    "league_home_rate": 0.4418645251396648,
    "league_draw_rate": 0.26536312849162014,
    "league_away_rate": 0.2927723463687151,
    "market_home_away_gap": 0.16696909312355046,
    "market_favorite_prob": 0.4668868805203066,
    "market_draw_gap": -0.1785487450403126,
    "market_entropy": 1.058720569743552,
    "form_goal_diff": 0.0,
    "xg_diff": 0.0,
    "sot_diff": 0.0,
    "sot_conceded_diff": 0.0,
    "rest_diff": 0.0,
    "momentum_diff": 0.0,
    "unbeaten_diff": 0.0,
    "home_attack_vs_away_defense": 0.0,
    "away_attack_vs_home_defense": 0.0,
    "attack_balance": 0.0
  }
}