{
  "mean": [
    0.4323239552518992,
    0.2572822152787176,
    0.31039382985992914,
    1546.8056012420698,
    1549.18285888884,
    -2.3772559913183846,
    1.355642440705378,
    1.2630273287292153,
    1.2910078272176002,
    1.3975383759865443,
    1.294492720802418,
    1.2632493574335166,
    1.5766628070470392,
    1.1781060011998625,
    3.9116323657771868,
    4.069060715322663,
    4.1715946391013405,
    4.023501300704745,
    1.100000023841858,
    1.100000023841858,
    12.927599189110918,
    11.952215464813206,
    2.607587604981176,
    2.8641760787720822,
    0.9563875964783669,
    1.010029599903426,
    -0.022926039756414617,
    2.5547763926375957,
    -0.04004247573870802,
    -0.028907232601470684,
    0.03124336162546977,
    0.4677857098426123,
    0.00024596022238455536,
    -0.0006090445377631476,
    0.0,
    0.0,
    0.0,
    0.44253748655319214,
    0.24505756795406342,
    0.31240496039390564,
    0.12193012545100375,
    0.5274780741764641,
    -0.2701904593071518,
    0.9704173358150264,
    -0.05771792652837926,
    0.0,
    -0.04726324843438577,
    0.03868133983826451,
    0.9753837242977121,
    -0.05364200330692428,
    -0.25658847379090644,
    -0.0010329190994427578,
    0.0030215269101898532,
    -0.004054445094762593
  ],
  "scale": [
    0.19526929499860993,
    0.055078161828073895,
    0.17844190033548665,
    123.83391910253985,
    123.55740358354812,
    177.1501540993204,
    0.7173027318383973,
    0.666977874115192,
    0.5999313352541262,
    0.7143074295475149,
    0.6710366892514436,
    0.5849815903202358,
    0.7277454484956779,
    0.7217838177545236,
    0.9066770412973552,
    0.9131623398770945,
    0.837886731876872,
    0.8035941387763695,
    1.0,
    1.0,
    59.52946080938731,
    38.04670836283165,
    5.687062693072293,
    5.822982382665114,
    0.44803775437837123,
    0.4364962022723691,
    0.5505365619049178,
    0.8444042149776299,
    0.9935744833132061,
    1.0079310949560571,
    1.0005268926805495,
    0.07426016365340075,
    0.019200626721628433,
    0.009762251790966918,
    1.0,
    1.0,
    1.0,
    1.0,
    1.0,
    1.0,
    0.37001299178591346,
    0.14303174665491075,
    0.19693907784351036,
    0.15765725685890222,
    1.3867801930813601,
    1.0,
    1.2514153866177211,
    1.129344072390474,
    57.112529107585004,
    0.6315981337982113,
    8.136268169113412,
    0.8938336953370317,
    0.9116262479770525,
    1.0748316327480947
  ],
  "feature_columns": [
    "implied_home",
    "implied_draw",
    "implied_away",
    "home_elo",
    "away_elo",
    "elo_diff",
    "home_pts_last_5",
    "home_goals_scored_last_5",
    "home_goals_conceded_last_5",
    "away_pts_last_5",
    "away_goals_scored_last_5",
    "away_goals_conceded_last_5",
    "home_pts_last_5_at_home",
    "away_pts_last_5_away",
    "home_sot_last_5",
    "away_sot_last_5",
    "home_sot_conceded_last_5",
    "away_sot_conceded_last_5",
    "home_xg_last_5",
    "away_xg_last_5",
    "home_days_rest",
    "away_days_rest",
    "home_unbeaten_streak",
    "away_unbeaten_streak",
    "home_momentum",
    "away_momentum",
    "h2h_dominance",
    "h2h_avg_goals",
    "form_pts_diff",
    "goal_diff_home",
    "goal_diff_away",
    "implied_over25",
    "odds_mov_home",
    "odds_mov_draw",
    "home_injured_count",
    "away_injured_count",
    "injury_diff",
    "league_home_rate",
    "league_draw_rate",
    "league_away_rate",
    "market_home_away_gap",
    "market_favorite_prob",
    "market_draw_gap",
    "market_entropy",
    "form_goal_diff",
    "xg_diff",
    "sot_diff",
    "sot_conceded_diff",
    "rest_diff",
    "momentum_diff",
    "unbeaten_diff",
    "home_attack_vs_away_defense",
    "away_attack_vs_home_defense",
    "attack_balance"
  ],
  "imputation_values": {
    "implied_home": 0.41731311318059366,
    "implied_draw": 0.28187337471435947,
    "implied_away": 0.2831269112247187,
    "home_elo": 1509.36968879247,
    "away_elo": 1511.95849918629,
    "elo_diff": -2.53165336704251,
    "home_pts_last_5": 1.2,
    "home_goals_scored_last_5": 1.2,
    "home_goals_conceded_last_5": 1.2,
    "away_pts_last_5": 1.4,
    "away_goals_scored_last_5": 1.2,
    "away_goals_conceded_last_5": 1.2,
    "home_pts_last_5_at_home": 1.4,
    "away_pts_last_5_away": 1.0,
    "home_sot_last_5": 3.8,
    "away_sot_last_5": 4.0,
    "home_sot_conceded_last_5": 4.2,
    "away_sot_conceded_last_5": 4.0,
    "home_xg_last_5": 1.1,
    "away_xg_last_5": 1.1,
    "home_days_rest": 7.0,
    "away_days_rest": 7.0,
    "home_unbeaten_streak": 1.0,
    "away_unbeaten_streak": 1.0,
    "home_momentum": 1.0,
    "away_momentum": 1.0,
    "h2h_dominance": 0.0,
    "h2h_avg_goals": 2.5,
    "form_pts_diff": 0.0,
    "goal_diff_home": -0.19999999999999996,
    "goal_diff_away": 0.0,
    "implied_over25": 0.4485488126649077,
    "odds_mov_home": 0.0005266870560283188,
    "odds_mov_draw": -0.0008698556644515798,
    "home_injured_count": 0.0,
    "away_injured_count": 0.0,
    "injury_diff": 0.0,
    "league_home_rate": 0.44253747555941775,
    "league_draw_rate": 0.2450575711492505,
    "league_away_rate": 0.3124049532913317,
    "market_home_away_gap": 0.13402738741608705,
    "market_favorite_prob": 0.47859236286993173,
    "market_draw_gap": -0.19634032322692668,
    "market_entropy": 1.0511366235423085,
    "form_goal_diff": -1.1102230246251565e-16,
    "xg_diff": 0.0,
    "sot_diff": 0.0,
    "sot_conceded_diff": 0.0,
    "rest_diff": 0.0,
    "momentum_diff": 0.0,
    "unbeaten_diff": 0.0,
    "home_attack_vs_away_defense": 0.0,
    "away_attack_vs_home_defense": 0.0,
    "attack_balance": 0.0
  }
}