{
  "mean": [
    0.44866601200656425,
    0.2494181062790412,
    0.3019158814102411,
    1528.8225446483757,
    1530.8910571520842,
    -2.068512253370136,
    1.3532753214947408,
    1.407858657902932,
    1.4396677287743438,
    1.4083438862209456,
    1.4413765902430573,
    1.4065506402921828,
    1.6104957841100949,
    1.1533438879807916,
    4.618238339167607,
    4.639266821742058,
    4.638538972297801,
    4.611550578814518,
    1.100000023841858,
    1.100000023841858,
    13.180379746835444,
    12.780063291139241,
    1.7841772151898734,
    2.034493670886076,
    0.966671832542442,
    0.9946440837239917,
    -0.026419059843815203,
    2.7946172914833207,
    -0.055068566125546455,
    -0.031809072870808315,
    0.03482594962078559,
    0.5450631728183619,
    -0.0009220500179935697,
    -0.0006916724413066519,
    0.0,
    0.0,
    0.0,
    0.448243111371994,
    0.2481006681919098,
    0.3036562204360962,
    0.14675013077347884,
    0.5157381105837943,
    -0.26632000436959197,
    0.9994853753077833,
    -0.06612869209692449,
    0.0,
    -0.021724684437430357,
    0.028064346042332017,
    0.40031645569620256,
    -0.027972251146772428,
    -0.25031645569620253,
    0.0004219408512492723,
    0.001075948322121101,
    -0.000654007686608577
  ],
  "scale": [
    0.16284800871994484,
    0.03487945189661112,
    0.14388113267188068,
    89.7814408370002,
    89.81296882043694,
    129.436661445093,
    0.6649597667243641,
    0.6232080778900917,
    0.6158957504394479,
    0.6675105356005786,
    0.6295842426188692,
    0.60985026927347,
    0.6945436528886361,
    0.6662256413144214,
    0.892311960234001,
    0.8968479249027912,
    0.9114817297662245,
    0.9296418843055644,
    1.0,
    1.0,
    56.005275473552054,
    48.19140419172986,
    2.7097344947219306,
    2.740763556057528,
    0.4497008749650145,
    0.4397304393499486,
    0.4932349926854364,
    0.8764107306060476,
    0.9289557386994229,
    0.9636811313715694,
    0.9688560896880152,
    0.05013840772032811,
    0.023808514656942267,
    0.010099015485985062,
    1.0,
    1.0,
    1.0,
    1.0,
    1.0,
    1.0,
    0.30532922020486697,
    0.11089287497010566,
    0.1441755825312779,
    0.10694938564725225,
    1.342679298460584,
    1.0,
    1.2288481851955,
    1.2504494694886787,
    62.488699230704306,
    0.6233050584757323,
    3.8210360317003023,
    0.8687838324732293,
    0.8886065322875463,
    1.0804549274471773
  ],
  "feature_columns": [
    "implied_home",
    "implied_draw",
    "implied_away",
    "home_elo",
    "away_elo",
    "elo_diff",
    "home_pts_last_5",
    "home_goals_scored_last_5",
    "home_goals_conceded_last_5",
    "away_pts_last_5",
    "away_goals_scored_last_5",
    "away_goals_conceded_last_5",
    "home_pts_last_5_at_home",
    "away_pts_last_5_away",
    "home_sot_last_5",
    "away_sot_last_5",
    "home_sot_conceded_last_5",
    "away_sot_conceded_last_5",
    "home_xg_last_5",
    "away_xg_last_5",
    "home_days_rest",
    "away_days_rest",
    "home_unbeaten_streak",
    "away_unbeaten_streak",
    "home_momentum",
    "away_momentum",
    "h2h_dominance",
    "h2h_avg_goals",
    "form_pts_diff",
    "goal_diff_home",
    "goal_diff_away",
    "implied_over25",
    "odds_mov_home",
    "odds_mov_draw",
    "home_injured_count",
    "away_injured_count",
    "injury_diff",
    "league_home_rate",
    "league_draw_rate",
    "league_away_rate",
    "market_home_away_gap",
    "market_favorite_prob",
    "market_draw_gap",
    "market_entropy",
    "form_goal_diff",
    "xg_diff",
    "sot_diff",
    "sot_conceded_diff",
    "rest_diff",
    "momentum_diff",
    "unbeaten_diff",
    "home_attack_vs_away_defense",
    "away_attack_vs_home_defense",
    "attack_balance"
  ],
  "imputation_values": {
    "implied_home": 0.44164069177049503,
    "implied_draw": 0.2606536121361856,
    "implied_away": 0.2850189259664624,
    "home_elo": 1521.005139466025,
    "away_elo": 1523.68217679274,
    "elo_diff": -2.27574171240508,
    "home_pts_last_5": 1.4,
    "home_goals_scored_last_5": 1.4,
    "home_goals_conceded_last_5": 1.4,
    "away_pts_last_5": 1.4,
    "away_goals_scored_last_5": 1.4,
    "away_goals_conceded_last_5": 1.4,
    "home_pts_last_5_at_home": 1.6,
    "away_pts_last_5_away": 1.0,
    "home_sot_last_5": 4.6,
    "away_sot_last_5": 4.6,
    "home_sot_conceded_last_5": 4.6,
    "away_sot_conceded_last_5": 4.6,
    "home_xg_last_5": 1.1,
    "away_xg_last_5": 1.1,
    "home_days_rest": 7.0,
    "away_days_rest": 7.0,
    "home_unbeaten_streak": 1.0,
    "away_unbeaten_streak": 1.0,
    "home_momentum": 1.0,
    "away_momentum": 1.0,
    "h2h_dominance": 0.0,
    "h2h_avg_goals": 2.71428571428571,
    "form_pts_diff": 0.0,
    "goal_diff_home": 0.0,
    "goal_diff_away": 0.0,
    "implied_over25": 0.5435356200527705,
    "odds_mov_home": 0.0007869646297167243,
    "odds_mov_draw": -0.0008373440573776203,
    "home_injured_count": 0.0,
    "away_injured_count": 0.0,
    "injury_diff": 0.0,
    "league_home_rate": 0.4482431149097816,
    "league_draw_rate": 0.24810066476733145,
    "league_away_rate": 0.30365622032288697,
    "market_home_away_gap": 0.15749771493004572,
    "market_favorite_prob": 0.4946127953787379,
    "market_draw_gap": -0.23185932082866145,
    "market_entropy": 1.042585512667539,
    "form_goal_diff": -1.1102230246251565e-16,
    "xg_diff": 0.0,
    "sot_diff": 0.0,
    "sot_conceded_diff": 0.0,
    "rest_diff": 0.0,
    "momentum_diff": 0.0,
    "unbeaten_diff": 0.0,
    "home_attack_vs_away_defense": 0.0,
    "away_attack_vs_home_defense": 0.0,
    "attack_balance": 0.0
  }
}