{
  "mean": [
    0.4601737955294618,
    0.23148336105125294,
    0.3083428436823444,
    1526.3595054866144,
    1528.919050550209,
    -2.559545770989695,
    1.3573626230450382,
    1.5310582955007193,
    1.5749745236185149,
    1.4081595827754683,
    1.5762070307872147,
    1.5314567751451305,
    1.638407008860686,
    1.1277314488311792,
    4.698813767906424,
    4.730854356093376,
    4.856857678079592,
    4.811032451339188,
    1.100000023841858,
    1.100000023841858,
    12.745343341673617,
    12.499860995273838,
    1.9229913817069781,
    2.139838754517654,
    0.9664291979075472,
    0.9939347827164439,
    -0.0212671449389811,
    3.123151046420456,
    -0.05051895154783518,
    -0.043916228254503566,
    0.044750254490423906,
    0.5966811221127116,
    0.0010665492491027824,
    -0.0001933968365421327,
    0.0,
    0.0,
    0.0,
    0.46173095703125,
    0.23733055591583252,
    0.3009384870529175,
    0.1518309514623432,
    0.5546756825299273,
    -0.3231923212135438,
    0.9528890137444412,
    -0.08627559970634528,
    0.0,
    -0.03370864581226607,
    0.1644796612057581,
    0.2454823463997776,
    -0.027505586089238563,
    -0.21684737281067556,
    -0.0018441298992593388,
    0.0018441288739500822,
    -0.0036882588022080667
  ],
  "scale": [
    0.20024896633934064,
    0.04781731120242708,
    0.18116028583301996,
    111.10216529752417,
    110.9295633180328,
    160.0444658368044,
    0.6981916490026084,
    0.7176759954628412,
    0.6753804076600056,
    0.7009809929659301,
    0.7225984864863633,
    0.6685707044323874,
    0.7197333244919688,
    0.7014727035496515,
    1.0675421852383709,
    1.0736753162164394,
    0.9483965930544073,
    0.9242408655850787,
    1.0,
    1.0,
    55.16167441024863,
    52.666367321594066,
    3.2226984021204066,
    3.119199029765293,
    0.4559003080981993,
    0.44296800826681637,
    0.5156288091559129,
    0.8911085037484024,
    0.9856116944078651,
    1.1301616275202626,
    1.1292061095224921,
    0.0647898259046932,
    0.018546994164359353,
    0.008750368126548598,
    1.0,
    1.0,
    1.0,
    1.0,
    1.0,
    1.0,
    0.37888111562417426,
    0.13506737176214217,
    0.18149852321520085,
    0.15641455980187305,
    1.5790176705711492,
    1.0,
    1.4865535537441135,
    1.264048174967627,
    68.8792931918261,
    0.6350146071216447,
    4.509368712523965,
    0.9740849471197175,
    0.9889430619053771,
    1.1209925041312978
  ],
  "feature_columns": [
    "implied_home",
    "implied_draw",
    "implied_away",
    "home_elo",
    "away_elo",
    "elo_diff",
    "home_pts_last_5",
    "home_goals_scored_last_5",
    "home_goals_conceded_last_5",
    "away_pts_last_5",
    "away_goals_scored_last_5",
    "away_goals_conceded_last_5",
    "home_pts_last_5_at_home",
    "away_pts_last_5_away",
    "home_sot_last_5",
    "away_sot_last_5",
    "home_sot_conceded_last_5",
    "away_sot_conceded_last_5",
    "home_xg_last_5",
    "away_xg_last_5",
    "home_days_rest",
    "away_days_rest",
    "home_unbeaten_streak",
    "away_unbeaten_streak",
    "home_momentum",
    "away_momentum",
    "h2h_dominance",
    "h2h_avg_goals",
    "form_pts_diff",
    "goal_diff_home",
    "goal_diff_away",
    "implied_over25",
    "odds_mov_home",
    "odds_mov_draw",
    "home_injured_count",
    "away_injured_count",
    "injury_diff",
    "league_home_rate",
    "league_draw_rate",
    "league_away_rate",
    "market_home_away_gap",
    "market_favorite_prob",
    "market_draw_gap",
    "market_entropy",
    "form_goal_diff",
    "xg_diff",
    "sot_diff",
    "sot_conceded_diff",
    "rest_diff",
    "momentum_diff",
    "unbeaten_diff",
    "home_attack_vs_away_defense",
    "away_attack_vs_home_defense",
    "attack_balance"
  ],
  "imputation_values": {
    "implied_home": 0.4528173122014266,
    "implied_draw": 0.24960616635051835,
    "implied_away": 0.28050306633828825,
    "home_elo": 1502.60360939586,
    "away_elo": 1505.60001278451,
    "elo_diff": -2.4195803259172,
    "home_pts_last_5": 1.4,
    "home_goals_scored_last_5": 1.4,
    "home_goals_conceded_last_5": 1.6,
    "away_pts_last_5": 1.4,
    "away_goals_scored_last_5": 1.4,
    "away_goals_conceded_last_5": 1.4,
    "home_pts_last_5_at_home": 1.6,
    "away_pts_last_5_away": 1.0,
    "home_sot_last_5": 4.6,
    "away_sot_last_5": 4.6,
    "home_sot_conceded_last_5": 4.8,
    "away_sot_conceded_last_5": 4.8,
    "home_xg_last_5": 1.1,
    "away_xg_last_5": 1.1,
    "home_days_rest": 7.0,
    "away_days_rest": 7.0,
    "home_unbeaten_streak": 1.0,
    "away_unbeaten_streak": 1.0,
    "home_momentum": 1.0,
    "away_momentum": 1.0,
    "h2h_dominance": 0.0,
    "h2h_avg_goals": 3.0,
    "form_pts_diff": 0.0,
    "goal_diff_home": -0.19999999999999996,
    "goal_diff_away": 0.0,
    "implied_over25": 0.5902061855670103,
    "odds_mov_home": 0.0007961239123083774,
    "odds_mov_draw": -0.00024563950630568376,
    "home_injured_count": 0.0,
    "away_injured_count": 0.0,
    "injury_diff": 0.0,
    "league_home_rate": 0.46173096976016686,
    "league_draw_rate": 0.2373305526590198,
    "league_away_rate": 0.3009384775808133,
    "market_home_away_gap": 0.1733262527026514,
    "market_favorite_prob": 0.5310962580568365,
    "market_draw_gap": -0.28140537152382356,
    "market_entropy": 1.015099602826786,
    "form_goal_diff": -2.220446049250313e-16,
    "xg_diff": 0.0,
    "sot_diff": 0.0,
    "sot_conceded_diff": 0.1999999999999993,
    "rest_diff": 0.0,
    "momentum_diff": 0.0,
    "unbeaten_diff": 0.0,
    "home_attack_vs_away_defense": 0.0,
    "away_attack_vs_home_defense": 0.0,
    "attack_balance": 0.0
  }
}