{
  "mean": [
    0.44378850498703404,
    0.2493471126584028,
    0.30686438246393705,
    1609.39677734375,
    1611.5040077327367,
    -2.1072309325455336,
    1.3688189897349075,
    1.365423113344521,
    1.3799117069798326,
    1.4130132501916117,
    1.3953752838617919,
    1.3415930917424872,
    1.614731423543647,
    1.1936681449150144,
    4.98348784853291,
    5.081438551675405,
    5.042740976823613,
    4.932560699520258,
    1.100000023841858,
    1.100000023841858,
    9.516114790286975,
    9.508388520971302,
    2.020971302428256,
    2.2165562913907286,
    0.9691453520726684,
    0.99311834237565,
    -0.02272881129407067,
    2.713186625461968,
    -0.044194260456704146,
    -0.014047094528248767,
    0.05334069182475408,
    0.5184953114844316,
    0.00187950957660914,
    -0.002427895737766311,
    0.0,
    0.0,
    0.0,
    0.44716793298721313,
    0.24163630604743958,
    0.3111957609653473,
    0.13692412281922367,
    0.5356019783822643,
    -0.2862548655922839,
    0.9708064751054014,
    -0.06738778585629747,
    0.0,
    -0.09795070021160392,
    0.10973877967653949,
    0.00772626931567329,
    -0.023972990668520627,
    -0.1955849889624724,
    0.023830021924398856,
    0.01546357630301785,
    0.008366446213480126
  ],
  "scale": [
    0.192367144518847,
    0.048926795782136934,
    0.17317200155288576,
    114.89421064351636,
    114.69817435717547,
    144.2155615834322,
    0.6844443188685103,
    0.655398456248019,
    0.6074939263605282,
    0.6783593454458445,
    0.6591990746774344,
    0.5977991039740443,
    0.6845645144373774,
    0.6748842804994551,
    1.9778907558314625,
    2.0074077104410684,
    1.9039642364427722,
    1.8606381054149934,
    1.0,
    1.0,
    13.654142678257536,
    13.525074263270293,
    3.4438096789945747,
    3.4843883383322662,
    0.4523463916410416,
    0.4367518242182626,
    0.4894863212158515,
    0.8578084624784086,
    0.9564710141121014,
    1.0136615956616546,
    1.00365765407786,
    0.07392472354525456,
    0.014346813538578432,
    0.007150647363830031,
    1.0,
    1.0,
    1.0,
    1.0,
    1.0,
    1.0,
    0.36275816952186096,
    0.13230897164711344,
    0.17975922953005746,
    0.14465069138220946,
    1.4166565748159665,
    1.0,
    2.258169650325974,
    2.037239466372201,
    4.463210655518636,
    0.6256810089574389,
    4.902193762641935,
    0.8929356593224741,
    0.8954083805343795,
    1.0655605776773487
  ],
  "feature_columns": [
    "implied_home",
    "implied_draw",
    "implied_away",
    "home_elo",
    "away_elo",
    "elo_diff",
    "home_pts_last_5",
    "home_goals_scored_last_5",
    "home_goals_conceded_last_5",
    "away_pts_last_5",
    "away_goals_scored_last_5",
    "away_goals_conceded_last_5",
    "home_pts_last_5_at_home",
    "away_pts_last_5_away",
    "home_sot_last_5",
    "away_sot_last_5",
    "home_sot_conceded_last_5",
    "away_sot_conceded_last_5",
    "home_xg_last_5",
    "away_xg_last_5",
    "home_days_rest",
    "away_days_rest",
    "home_unbeaten_streak",
    "away_unbeaten_streak",
    "home_momentum",
    "away_momentum",
    "h2h_dominance",
    "h2h_avg_goals",
    "form_pts_diff",
    "goal_diff_home",
    "goal_diff_away",
    "implied_over25",
    "odds_mov_home",
    "odds_mov_draw",
    "home_injured_count",
    "away_injured_count",
    "injury_diff",
    "league_home_rate",
    "league_draw_rate",
    "league_away_rate",
    "market_home_away_gap",
    "market_favorite_prob",
    "market_draw_gap",
    "market_entropy",
    "form_goal_diff",
    "xg_diff",
    "sot_diff",
    "sot_conceded_diff",
    "rest_diff",
    "momentum_diff",
    "unbeaten_diff",
    "home_attack_vs_away_defense",
    "away_attack_vs_home_defense",
    "attack_balance"
  ],
  "imputation_values": {
    "implied_home": 0.43201125586970823,
    "implied_draw": 0.26678153846383806,
    "implied_away": 0.2805892509248391,
    "home_elo": 1592.3085023538451,
    "away_elo": 1593.753796230675,
    "elo_diff": -4.171370624262635,
    "home_pts_last_5": 1.4,
    "home_goals_scored_last_5": 1.2,
    "home_goals_conceded_last_5": 1.4,
    "away_pts_last_5": 1.4,
    "away_goals_scored_last_5": 1.4,
    "away_goals_conceded_last_5": 1.2,
    "home_pts_last_5_at_home": 1.6,
    "away_pts_last_5_away": 1.2,
    "home_sot_last_5": 4.6,
    "away_sot_last_5": 4.6,
    "home_sot_conceded_last_5": 4.8,
    "away_sot_conceded_last_5": 4.6,
    "home_xg_last_5": 1.1,
    "away_xg_last_5": 1.1,
    "home_days_rest": 7.0,
    "away_days_rest": 7.0,
    "home_unbeaten_streak": 1.0,
    "away_unbeaten_streak": 1.0,
    "home_momentum": 1.0,
    "away_momentum": 1.0,
    "h2h_dominance": 0.0,
    "h2h_avg_goals": 2.63636363636364,
    "form_pts_diff": 0.0,
    "goal_diff_home": 0.0,
    "goal_diff_away": 0.0,
    "implied_over25": 0.5131234499862221,
    "odds_mov_home": 0.0021099074845760124,
    "odds_mov_draw": -0.0024173093446846483,
    "home_injured_count": 0.0,
    "away_injured_count": 0.0,
    "injury_diff": 0.0,
    "league_home_rate": 0.44716793640278235,
    "league_draw_rate": 0.24163630341172573,
    "league_away_rate": 0.3111957601854919,
    "market_home_away_gap": 0.15060231244199154,
    "market_favorite_prob": 0.5078147925301915,
    "market_draw_gap": -0.24090224224726978,
    "market_entropy": 1.031749686716057,
    "form_goal_diff": -1.1102230246251565e-16,
    "xg_diff": 0.0,
    "sot_diff": 0.0,
    "sot_conceded_diff": 0.0,
    "rest_diff": 0.0,
    "momentum_diff": 0.0,
    "unbeaten_diff": 0.0,
    "home_attack_vs_away_defense": 0.0,
    "away_attack_vs_home_defense": 0.0,
    "attack_balance": 0.0
  }
}