{
  "mean": [
    0.4437893600011898,
    0.24932306635195584,
    0.30688757377760956,
    1609.393898882666,
    1611.5350031096941,
    -2.1411047806922205,
    1.3689514400581386,
    1.3656438639095552,
    1.3797792566697593,
    1.4130574003256708,
    1.3953311337540482,
    1.3414164912917756,
    1.614422372776283,
    1.1936681449314617,
    4.983708599084787,
    5.081880052831789,
    5.042785126944515,
    4.932207498658308,
    1.100000023841858,
    1.100000023841858,
    9.516556291390728,
    9.508388520971302,
    2.022075055187638,
    2.2163355408388523,
    0.9688849796292271,
    0.993000083148611,
    -0.02278067015571968,
    2.713112341127385,
    -0.044105960234637816,
    -0.013693893672877853,
    0.05347314215127469,
    0.5185131104971399,
    0.0018875050295342423,
    -0.002431979692980643,
    0.0,
    0.0,
    0.0,
    0.44716793298721313,
    0.24163630604743958,
    0.3111957609653473,
    0.1369017865053156,
    0.5356737082565067,
    -0.2863506417647498,
    0.9707253299998921,
    -0.0671670353044211,
    0.0,
    -0.09817145075032253,
    0.11013613068570628,
    0.008167770419426049,
    -0.024115103878344,
    -0.19426048565121412,
    0.024227372897381815,
    0.015551876525084178,
    0.008675496980843954
  ],
  "scale": [
    0.192448065343409,
    0.048951995804281036,
    0.17322682148962673,
    114.97825573512048,
    114.70853419355127,
    144.2629223692325,
    0.6846889649538555,
    0.6559285518945817,
    0.6076130693044116,
    0.6785732394490059,
    0.6592322503110263,
    0.5979590526810221,
    0.6846936211404964,
    0.6748057733906583,
    1.9777742774064495,
    2.0071434049570476,
    1.904345817158408,
    1.8606822178765716,
    1.0,
    1.0,
    13.654077480719094,
    13.525074263270293,
    3.4449243622925,
    3.484497080652012,
    0.45244276883627627,
    0.4368353583164045,
    0.48957499462030696,
    0.8577815258581192,
    0.9564566261343869,
    1.0144152957957466,
    1.0037957609974328,
    0.07393556509836095,
    0.014333386595442903,
    0.007148100922713776,
    1.0,
    1.0,
    1.0,
    1.0,
    1.0,
    1.0,
    0.3628929335716848,
    0.13233935057773877,
    0.17981559199840996,
    0.14474510333470778,
    1.4168384541806414,
    1.0,
    2.2580486186855526,
    2.037163843484713,
    4.463209869398817,
    0.6255873829361966,
    4.90346210018073,
    0.8938886117870033,
    0.8955449010994914,
    1.065935087084095
  ],
  "feature_columns": [
    "implied_home",
    "implied_draw",
    "implied_away",
    "home_elo",
    "away_elo",
    "elo_diff",
    "home_pts_last_5",
    "home_goals_scored_last_5",
    "home_goals_conceded_last_5",
    "away_pts_last_5",
    "away_goals_scored_last_5",
    "away_goals_conceded_last_5",
    "home_pts_last_5_at_home",
    "away_pts_last_5_away",
    "home_sot_last_5",
    "away_sot_last_5",
    "home_sot_conceded_last_5",
    "away_sot_conceded_last_5",
    "home_xg_last_5",
    "away_xg_last_5",
    "home_days_rest",
    "away_days_rest",
    "home_unbeaten_streak",
    "away_unbeaten_streak",
    "home_momentum",
    "away_momentum",
    "h2h_dominance",
    "h2h_avg_goals",
    "form_pts_diff",
    "goal_diff_home",
    "goal_diff_away",
    "implied_over25",
    "odds_mov_home",
    "odds_mov_draw",
    "home_injured_count",
    "away_injured_count",
    "injury_diff",
    "league_home_rate",
    "league_draw_rate",
    "league_away_rate",
    "market_home_away_gap",
    "market_favorite_prob",
    "market_draw_gap",
    "market_entropy",
    "form_goal_diff",
    "xg_diff",
    "sot_diff",
    "sot_conceded_diff",
    "rest_diff",
    "momentum_diff",
    "unbeaten_diff",
    "home_attack_vs_away_defense",
    "away_attack_vs_home_defense",
    "attack_balance"
  ],
  "imputation_values": {
    "implied_home": 0.43201125586970823,
    "implied_draw": 0.26676726114333726,
    "implied_away": 0.2805892509248391,
    "home_elo": 1592.2566744346,
    "away_elo": 1593.753796230675,
    "elo_diff": -4.273301545907205,
    "home_pts_last_5": 1.4,
    "home_goals_scored_last_5": 1.2,
    "home_goals_conceded_last_5": 1.4,
    "away_pts_last_5": 1.4,
    "away_goals_scored_last_5": 1.4,
    "away_goals_conceded_last_5": 1.2,
    "home_pts_last_5_at_home": 1.6,
    "away_pts_last_5_away": 1.2,
    "home_sot_last_5": 4.6,
    "away_sot_last_5": 4.6,
    "home_sot_conceded_last_5": 4.8,
    "away_sot_conceded_last_5": 4.6,
    "home_xg_last_5": 1.1,
    "away_xg_last_5": 1.1,
    "home_days_rest": 7.0,
    "away_days_rest": 7.0,
    "home_unbeaten_streak": 1.0,
    "away_unbeaten_streak": 1.0,
    "home_momentum": 1.0,
    "away_momentum": 1.0,
    "h2h_dominance": 0.0,
    "h2h_avg_goals": 2.63636363636364,
    "form_pts_diff": 0.0,
    "goal_diff_home": 0.0,
    "goal_diff_away": 0.0,
    "implied_over25": 0.513157894736842,
    "odds_mov_home": 0.0021099074845760124,
    "odds_mov_draw": -0.002418711098008508,
    "home_injured_count": 0.0,
    "away_injured_count": 0.0,
    "injury_diff": 0.0,
    "league_home_rate": 0.44716793640278235,
    "league_draw_rate": 0.24163630341172573,
    "league_away_rate": 0.3111957601854919,
    "market_home_away_gap": 0.15060231244199154,
    "market_favorite_prob": 0.5079492219328727,
    "market_draw_gap": -0.2409414276044812,
    "market_entropy": 1.031648643653044,
    "form_goal_diff": -1.1102230246251565e-16,
    "xg_diff": 0.0,
    "sot_diff": 0.0,
    "sot_conceded_diff": 0.0,
    "rest_diff": 0.0,
    "momentum_diff": 0.0,
    "unbeaten_diff": 0.0,
    "home_attack_vs_away_defense": 0.0,
    "away_attack_vs_home_defense": 0.0,
    "attack_balance": 0.0
  }
}